id,corridor_id,start_slot,end_slot,conflict_mode,impact_weight
TR00001,C1,0,2,HARD,10
TR00002,C2,3,4,SOFT,7
TR00003,C3,7,8,SOFT,7
TR00004,C4,9,10,SOFT,5
TR00005,C5,13,14,SOFT,3
TR00006,C6,15,16,HARD,10
TR00007,C7,18,20,SOFT,7
TR00008,C8,22,23,SOFT,1
TR00009,C9,24,26,SOFT,3
TR00010,C10,28,29,SOFT,7
TR00011,C1,9,10,HARD,10
TR00012,C2,11,13,SOFT,1
TR00013,C3,14,16,SOFT,3
TR00014,C4,17,19,SOFT,3
TR00015,C5,20,21,SOFT,3
TR00016,C6,23,24,HARD,10
TR00017,C7,26,28,SOFT,3
TR00018,C8,30,31,SOFT,3
TR00019,C9,33,35,SOFT,3
TR00020,C10,36,38,SOFT,5
TR00021,C1,16,18,HARD,10
TR00022,C2,20,21,SOFT,5
TR00023,C3,23,25,SOFT,7
TR00024,C4,25,27,SOFT,1
TR00025,C5,28,29,SOFT,5
TR00026,C6,32,34,HARD,10
TR00027,C7,34,35,SOFT,3
TR00028,C8,37,39,SOFT,1
TR00029,C9,41,42,SOFT,5
TR00030,C10,43,45,SOFT,3
TR00031,C1,24,26,HARD,10
TR00032,C2,27,29,SOFT,5
TR00033,C3,30,31,SOFT,5
TR00034,C4,33,35,SOFT,7
TR00035,C5,36,37,SOFT,7
TR00036,C6,40,42,HARD,10
TR00037,C7,42,43,SOFT,3
TR00038,C8,45,46,SOFT,3
TR00039,C9,49,51,SOFT,7
TR00040,C10,51,52,SOFT,1
TR00041,C1,32,33,HARD,10
TR00042,C2,35,36,SOFT,7
TR00043,C3,38,40,SOFT,7
TR00044,C4,41,43,SOFT,3
TR00045,C5,45,47,SOFT,5
TR00046,C6,47,49,HARD,10
TR00047,C7,50,52,SOFT,3
TR00048,C8,53,55,SOFT,1
TR00049,C9,57,58,SOFT,5
TR00050,C10,59,61,SOFT,5
TR00051,C1,40,42,HARD,10
TR00052,C2,44,46,SOFT,7
TR00053,C3,47,49,SOFT,1
TR00054,C4,49,50,SOFT,7
TR00055,C5,53,55,SOFT,7
TR00056,C6,55,56,HARD,10
TR00057,C7,58,60,SOFT,5
TR00058,C8,62,63,SOFT,3
TR00059,C9,64,65,SOFT,7
TR00060,C10,68,69,SOFT,5
TR00061,C1,48,49,HARD,10
TR00062,C2,51,52,SOFT,5
TR00063,C3,55,57,SOFT,1
TR00064,C4,58,59,SOFT,3
TR00065,C5,60,62,SOFT,7
TR00066,C6,63,65,HARD,10
TR00067,C7,67,69,SOFT,3
TR00068,C8,69,71,SOFT,1
TR00069,C9,72,73,SOFT,5
TR00070,C10,75,76,SOFT,3
TR00071,C1,56,58,HARD,10
TR00072,C2,59,60,SOFT,3
TR00073,C3,63,65,SOFT,5
TR00074,C4,65,67,SOFT,1
TR00075,C5,69,71,SOFT,1
TR00076,C6,71,73,HARD,10
TR00077,C7,74,76,SOFT,5
TR00078,C8,78,79,SOFT,1
TR00079,C9,80,82,SOFT,3
TR00080,C10,83,84,SOFT,5
TR00081,C1,64,66,HARD,10
TR00082,C2,67,69,SOFT,5
TR00083,C3,70,72,SOFT,5
TR00084,C4,73,75,SOFT,3
TR00085,C5,76,78,SOFT,5
TR00086,C6,80,82,HARD,10
TR00087,C7,82,83,SOFT,7
TR00088,C8,85,86,SOFT,1
TR00089,C9,88,90,SOFT,1
TR00090,C10,92,94,SOFT,1
TR00091,C1,73,74,HARD,10
TR00092,C2,76,78,SOFT,7
TR00093,C3,79,80,SOFT,3
TR00094,C4,81,83,SOFT,5
TR00095,C5,84,85,SOFT,5
TR00096,C6,87,89,HARD,10
TR00097,C7,91,92,SOFT,7
TR00098,C8,93,94,SOFT,7
TR00099,C9,0,2,SOFT,5
TR00100,C10,3,4,SOFT,5
TR00101,C1,80,82,HARD,10
TR00102,C2,83,84,SOFT,1
TR00103,C3,87,89,SOFT,1
TR00104,C4,90,91,SOFT,3
TR00105,C5,92,94,SOFT,7
TR00106,C6,94,95,HARD,10
TR00107,C7,3,5,SOFT,5
TR00108,C8,6,7,SOFT,7
TR00109,C9,9,11,SOFT,3
TR00110,C10,11,13,SOFT,5
TR00111,C1,88,89,HARD,10
TR00112,C2,91,93,SOFT,3
TR00113,C3,94,96,SOFT,3
TR00114,C4,2,3,SOFT,5
TR00115,C5,5,6,SOFT,7
TR00116,C1,97,99,SOFT,1
TR00117,C2,99,101,SOFT,5
TR00118,C3,102,104,SOFT,5
TR00119,C4,106,108,SOFT,7
TR00120,C5,108,109,HARD,10
TR00121,C6,111,112,SOFT,3
TR00122,C7,114,116,SOFT,1
TR00123,C8,117,119,SOFT,3
TR00124,C9,120,122,SOFT,1
TR00125,C10,123,124,HARD,10
TR00126,C1,104,106,SOFT,7
TR00127,C2,107,109,SOFT,1
TR00128,C3,110,112,SOFT,5
TR00129,C4,114,116,SOFT,5
TR00130,C5,117,119,HARD,10
TR00131,C6,120,121,SOFT,5
TR00132,C7,122,123,SOFT,5
TR00133,C8,125,126,SOFT,5
TR00134,C9,129,131,SOFT,3
TR00135,C10,131,132,HARD,10
TR00136,C1,112,114,SOFT,5
TR00137,C2,116,118,SOFT,5
TR00138,C3,118,120,SOFT,5
TR00139,C4,121,123,SOFT,5
TR00140,C5,125,127,HARD,10
TR00141,C6,128,130,SOFT,5
TR00142,C7,130,132,SOFT,5
TR00143,C8,134,135,SOFT,7
TR00144,C9,136,138,SOFT,7
TR00145,C10,140,141,HARD,10
TR00146,C1,121,123,SOFT,1
TR00147,C2,123,124,SOFT,3
TR00148,C3,126,128,SOFT,5
TR00149,C4,129,130,SOFT,3
TR00150,C5,132,134,HARD,10
TR00151,C6,135,137,SOFT,5
TR00152,C7,138,140,SOFT,1
TR00153,C8,141,142,SOFT,1
TR00154,C9,145,147,SOFT,5
TR00155,C10,147,148,HARD,10
TR00156,C1,128,129,SOFT,7
TR00157,C2,132,133,SOFT,3
TR00158,C3,134,135,SOFT,1
TR00159,C4,137,139,SOFT,3
TR00160,C5,140,142,HARD,10
TR00161,C6,143,145,SOFT,7
TR00162,C7,147,149,SOFT,5
TR00163,C8,150,152,SOFT,7
TR00164,C9,153,154,SOFT,1
TR00165,C10,155,157,HARD,10
TR00166,C1,136,137,SOFT,7
TR00167,C2,139,140,SOFT,7
TR00168,C3,143,144,SOFT,3
TR00169,C4,145,147,SOFT,7
TR00170,C5,149,151,HARD,10
TR00171,C6,151,153,SOFT,5
TR00172,C7,154,156,SOFT,7
TR00173,C8,158,159,SOFT,1
TR00174,C9,161,163,SOFT,1
TR00175,C10,163,164,HARD,10
TR00176,C1,144,145,SOFT,1
TR00177,C2,148,149,SOFT,7
TR00178,C3,150,151,SOFT,5
TR00179,C4,153,154,SOFT,1
TR00180,C5,156,157,HARD,10
TR00181,C6,159,160,SOFT,5
TR00182,C7,162,164,SOFT,7
TR00183,C8,165,167,SOFT,3
TR00184,C9,169,171,SOFT,1
TR00185,C10,171,172,HARD,10
TR00186,C1,152,153,SOFT,3
TR00187,C2,155,157,SOFT,5
TR00188,C3,159,160,SOFT,7
TR00189,C4,162,163,SOFT,1
TR00190,C5,165,166,HARD,10
TR00191,C6,168,170,SOFT,1
TR00192,C7,170,172,SOFT,7
TR00193,C8,173,175,SOFT,7
TR00194,C9,176,178,SOFT,1
TR00195,C10,180,181,HARD,10
TR00196,C1,161,162,SOFT,1
TR00197,C2,163,164,SOFT,5
TR00198,C3,166,167,SOFT,7
TR00199,C4,169,170,SOFT,5
TR00200,C5,172,173,HARD,10
TR00201,C6,175,177,SOFT,1
TR00202,C7,178,179,SOFT,3
TR00203,C8,181,182,SOFT,7
TR00204,C9,184,185,SOFT,5
TR00205,C10,188,190,HARD,10
TR00206,C1,168,170,SOFT,3
TR00207,C2,171,172,SOFT,7
TR00208,C3,174,175,SOFT,5
TR00209,C4,178,179,SOFT,3
TR00210,C5,180,182,HARD,10
TR00211,C6,183,184,SOFT,7
TR00212,C7,187,189,SOFT,3
TR00213,C8,189,190,SOFT,1
TR00214,C9,96,97,SOFT,7
TR00215,C10,99,100,HARD,10
TR00216,C1,177,178,SOFT,3
TR00217,C2,180,182,SOFT,1
TR00218,C3,182,184,SOFT,3
TR00219,C4,186,188,SOFT,5
TR00220,C5,189,190,HARD,10
TR00221,C6,190,191,SOFT,3
TR00222,C7,98,99,SOFT,3
TR00223,C8,102,103,SOFT,1
TR00224,C9,104,105,SOFT,7
TR00225,C10,107,108,HARD,10
TR00226,C1,185,186,SOFT,7
TR00227,C2,187,188,SOFT,1
TR00228,C3,190,192,SOFT,7
TR00229,C4,98,99,SOFT,7
TR00230,C5,100,101,HARD,10
TR00231,C1,193,195,SOFT,1
TR00232,C2,196,197,SOFT,3
TR00233,C3,199,201,SOFT,5
TR00234,C4,202,204,HARD,10
TR00235,C5,204,205,SOFT,7
TR00236,C6,207,208,SOFT,5
TR00237,C7,211,213,SOFT,3
TR00238,C8,213,215,SOFT,1
TR00239,C9,216,218,HARD,10
TR00240,C10,219,220,SOFT,1
TR00241,C1,200,202,SOFT,7
TR00242,C2,204,205,SOFT,3
TR00243,C3,207,209,SOFT,3
TR00244,C4,209,210,HARD,10
TR00245,C5,212,214,SOFT,7
TR00246,C6,215,216,SOFT,7
TR00247,C7,219,220,SOFT,5
TR00248,C8,221,222,SOFT,5
TR00249,C9,224,226,HARD,10
TR00250,C10,228,230,SOFT,1
TR00251,C1,208,209,SOFT,7
TR00252,C2,212,213,SOFT,5
TR00253,C3,214,215,SOFT,5
TR00254,C4,217,218,HARD,10
TR00255,C5,220,221,SOFT,1
TR00256,C6,223,225,SOFT,1
TR00257,C7,226,227,SOFT,3
TR00258,C8,229,230,SOFT,3
TR00259,C9,233,234,HARD,10
TR00260,C10,236,238,SOFT,3
TR00261,C1,217,218,SOFT,3
TR00262,C2,220,221,SOFT,5
TR00263,C3,223,225,SOFT,5
TR00264,C4,225,227,HARD,10
TR00265,C5,229,230,SOFT,7
TR00266,C6,232,233,SOFT,3
TR00267,C7,235,237,SOFT,5
TR00268,C8,237,239,SOFT,5
TR00269,C9,240,241,HARD,10
TR00270,C10,243,244,SOFT,3
TR00271,C1,224,226,SOFT,1
TR00272,C2,227,229,SOFT,1
TR00273,C3,230,232,SOFT,5
TR00274,C4,233,234,HARD,10
TR00275,C5,236,238,SOFT,3
TR00276,C6,239,241,SOFT,7
TR00277,C7,243,244,SOFT,1
TR00278,C8,245,247,SOFT,5
TR00279,C9,249,250,HARD,10
TR00280,C10,251,252,SOFT,7
TR00281,C1,232,234,SOFT,3
TR00282,C2,235,236,SOFT,1
TR00283,C3,239,241,SOFT,5
TR00284,C4,241,243,HARD,10
TR00285,C5,244,246,SOFT,1
TR00286,C6,247,248,SOFT,7
TR00287,C7,251,252,SOFT,5
TR00288,C8,253,254,SOFT,5
TR00289,C9,257,258,HARD,10
TR00290,C10,260,261,SOFT,1
TR00291,C1,240,242,SOFT,1
TR00292,C2,243,244,SOFT,1
TR00293,C3,246,248,SOFT,7
TR00294,C4,249,250,HARD,10
TR00295,C5,253,255,SOFT,1
TR00296,C6,255,256,SOFT,5
TR00297,C7,258,259,SOFT,3
TR00298,C8,262,264,SOFT,7
TR00299,C9,264,265,HARD,10
TR00300,C10,267,269,SOFT,3
TR00301,C1,249,251,SOFT,5
TR00302,C2,251,252,SOFT,3
TR00303,C3,254,256,SOFT,5
TR00304,C4,257,258,HARD,10
TR00305,C5,261,263,SOFT,7
TR00306,C6,263,265,SOFT,3
TR00307,C7,267,269,SOFT,7
TR00308,C8,269,271,SOFT,7
TR00309,C9,272,273,HARD,10
TR00310,C10,276,277,SOFT,3
TR00311,C1,256,257,SOFT,1
TR00312,C2,259,261,SOFT,5
TR00313,C3,262,263,SOFT,5
TR00314,C4,265,266,HARD,10
TR00315,C5,268,270,SOFT,3
TR00316,C6,272,274,SOFT,7
TR00317,C7,274,275,SOFT,1
TR00318,C8,277,278,SOFT,7
TR00319,C9,281,282,HARD,10
TR00320,C10,283,284,SOFT,7
TR00321,C1,264,266,SOFT,5
TR00322,C2,268,270,SOFT,5
TR00323,C3,270,271,SOFT,7
TR00324,C4,274,276,HARD,10
TR00325,C5,277,278,SOFT,1
TR00326,C6,280,281,SOFT,7
TR00327,C7,283,285,SOFT,5
TR00328,C8,286,287,SOFT,1
TR00329,C9,192,193,HARD,10
TR00330,C10,196,198,SOFT,5
TR00331,C1,272,274,SOFT,5
TR00332,C2,276,278,SOFT,3
TR00333,C3,278,280,SOFT,3
TR00334,C4,281,283,HARD,10
TR00335,C5,284,286,SOFT,7
TR00336,C6,286,287,SOFT,1
TR00337,C7,194,196,SOFT,7
TR00338,C8,197,199,SOFT,5
TR00339,C9,200,201,HARD,10
TR00340,C10,203,205,SOFT,3
TR00341,C1,281,282,SOFT,5
TR00342,C2,283,284,SOFT,7
TR00343,C3,286,288,SOFT,7
TR00344,C4,193,195,HARD,10
TR00345,C5,196,197,SOFT,5
TR00346,C1,288,289,SOFT,3
TR00347,C2,291,292,SOFT,1
TR00348,C3,294,296,HARD,10
TR00349,C4,298,300,SOFT,3
TR00350,C5,301,302,SOFT,7
TR00351,C6,303,305,SOFT,5
TR00352,C7,306,308,SOFT,1
TR00353,C8,310,312,HARD,10
TR00354,C9,313,314,SOFT,3
TR00355,C10,315,317,SOFT,5
TR00356,C1,297,298,SOFT,1
TR00357,C2,300,301,SOFT,1
TR00358,C3,302,304,HARD,10
TR00359,C4,305,306,SOFT,1
TR00360,C5,309,310,SOFT,5
TR00361,C6,311,313,SOFT,5
TR00362,C7,314,315,SOFT,3
TR00363,C8,317,319,HARD,10
TR00364,C9,320,321,SOFT,5
TR00365,C10,323,325,SOFT,5
TR00366,C1,305,307,SOFT,5
TR00367,C2,308,310,SOFT,1
TR00368,C3,310,311,HARD,10
TR00369,C4,314,316,SOFT,3
TR00370,C5,316,317,SOFT,1
TR00371,C6,319,321,SOFT,5
TR00372,C7,322,323,SOFT,7
TR00373,C8,325,327,HARD,10
TR00374,C9,328,330,SOFT,7
TR00375,C10,332,334,SOFT,1
TR00376,C1,313,314,SOFT,7
TR00377,C2,315,316,SOFT,5
TR00378,C3,318,319,HARD,10
TR00379,C4,321,322,SOFT,5
TR00380,C5,324,325,SOFT,1
TR00381,C6,327,329,SOFT,1
TR00382,C7,330,332,SOFT,5
TR00383,C8,334,336,HARD,10
TR00384,C9,337,339,SOFT,3
TR00385,C10,339,340,SOFT,3
TR00386,C1,321,322,SOFT,3
TR00387,C2,324,325,SOFT,3
TR00388,C3,327,328,HARD,10
TR00389,C4,329,330,SOFT,7
TR00390,C5,332,333,SOFT,5
TR00391,C6,336,338,SOFT,3
TR00392,C7,338,340,SOFT,1
TR00393,C8,341,342,HARD,10
TR00394,C9,345,346,SOFT,1
TR00395,C10,347,348,SOFT,5
TR00396,C1,329,331,SOFT,1
TR00397,C2,331,332,SOFT,7
TR00398,C3,334,336,HARD,10
TR00399,C4,338,340,SOFT,7
TR00400,C5,340,341,SOFT,1
TR00401,C6,343,344,SOFT,7
TR00402,C7,347,348,SOFT,7
TR00403,C8,350,351,HARD,10
TR00404,C9,352,353,SOFT,5
TR00405,C10,356,357,SOFT,5
TR00406,C1,336,338,SOFT,1
TR00407,C2,339,340,SOFT,5
TR00408,C3,343,344,HARD,10
TR00409,C4,345,346,SOFT,1
TR00410,C5,348,350,SOFT,3
TR00411,C6,351,352,SOFT,1
TR00412,C7,355,357,SOFT,1
TR00413,C8,357,358,HARD,10
TR00414,C9,360,361,SOFT,5
TR00415,C10,364,365,SOFT,5
TR00416,C1,344,346,SOFT,1
TR00417,C2,347,348,SOFT,5
TR00418,C3,350,351,HARD,10
TR00419,C4,353,354,SOFT,3
TR00420,C5,357,359,SOFT,3
TR00421,C6,359,360,SOFT,3
TR00422,C7,362,363,SOFT,1
TR00423,C8,365,367,HARD,10
TR00424,C9,368,369,SOFT,3
TR00425,C10,371,372,SOFT,7
TR00426,C1,353,354,SOFT,3
TR00427,C2,355,357,SOFT,3
TR00428,C3,359,360,HARD,10
TR00429,C4,362,364,SOFT,5
TR00430,C5,364,365,SOFT,1
TR00431,C6,367,368,SOFT,7
TR00432,C7,370,372,SOFT,1
TR00433,C8,373,374,HARD,10
TR00434,C9,377,379,SOFT,1
TR00435,C10,379,380,SOFT,7
TR00436,C1,360,362,SOFT,5
TR00437,C2,364,366,SOFT,7
TR00438,C3,366,368,HARD,10
TR00439,C4,370,372,SOFT,1
TR00440,C5,372,373,SOFT,5
TR00441,C6,376,378,SOFT,7
TR00442,C7,378,380,SOFT,1
TR00443,C8,381,383,HARD,10
TR00444,C9,289,290,SOFT,5
TR00445,C10,291,293,SOFT,3
TR00446,C1,369,370,SOFT,1
TR00447,C2,371,373,SOFT,1
TR00448,C3,374,375,HARD,10
TR00449,C4,378,380,SOFT,7
TR00450,C5,381,382,SOFT,1
TR00451,C6,382,384,SOFT,5
TR00452,C7,290,291,SOFT,5
TR00453,C8,293,294,HARD,10
TR00454,C9,296,298,SOFT,1
TR00455,C10,300,302,SOFT,1
TR00456,C1,377,378,SOFT,1
TR00457,C2,379,380,SOFT,5
TR00458,C3,382,383,HARD,10
TR00459,C4,289,291,SOFT,1
TR00460,C5,292,293,SOFT,3
TR00461,C1,384,386,SOFT,7
TR00462,C2,387,389,HARD,10
TR00463,C3,390,391,SOFT,5
TR00464,C4,393,394,SOFT,1
TR00465,C5,397,399,SOFT,3
TR00466,C6,400,402,SOFT,3
TR00467,C7,402,404,HARD,10
TR00468,C8,405,406,SOFT,3
TR00469,C9,408,410,SOFT,7
TR00470,C10,412,413,SOFT,1
TR00471,C1,393,395,SOFT,5
TR00472,C2,396,397,HARD,10
TR00473,C3,398,399,SOFT,5
TR00474,C4,401,402,SOFT,1
TR00475,C5,404,406,SOFT,5
TR00476,C6,407,409,SOFT,3
TR00477,C7,410,411,HARD,10
TR00478,C8,413,415,SOFT,7
TR00479,C9,416,417,SOFT,5
TR00480,C10,419,420,SOFT,3
TR00481,C1,401,402,SOFT,3
TR00482,C2,403,404,HARD,10
TR00483,C3,406,408,SOFT,7
TR00484,C4,410,411,SOFT,3
TR00485,C5,413,415,SOFT,1
TR00486,C6,415,416,SOFT,3
TR00487,C7,418,419,HARD,10
TR00488,C8,422,423,SOFT,3
TR00489,C9,425,426,SOFT,1
TR00490,C10,428,430,SOFT,7
TR00491,C1,408,410,SOFT,1
TR00492,C2,411,412,HARD,10
TR00493,C3,414,415,SOFT,5
TR00494,C4,417,419,SOFT,7
TR00495,C5,420,421,SOFT,1
TR00496,C6,424,426,SOFT,5
TR00497,C7,427,428,HARD,10
TR00498,C8,429,431,SOFT,3
TR00499,C9,432,434,SOFT,7
TR00500,C10,436,437,SOFT,1
TR00501,C1,416,418,SOFT,7
TR00502,C2,419,421,HARD,10
TR00503,C3,422,424,SOFT,3
TR00504,C4,425,427,SOFT,3
TR00505,C5,428,429,SOFT,1
TR00506,C6,431,432,SOFT,1
TR00507,C7,434,435,HARD,10
TR00508,C8,438,440,SOFT,5
TR00509,C9,441,443,SOFT,1
TR00510,C10,444,445,SOFT,1
TR00511,C1,425,426,SOFT,7
TR00512,C2,428,430,HARD,10
TR00513,C3,430,431,SOFT,7
TR00514,C4,433,434,SOFT,3
TR00515,C5,436,438,SOFT,1
TR00516,C6,439,441,SOFT,7
TR00517,C7,443,445,HARD,10
TR00518,C8,445,446,SOFT,1
TR00519,C9,448,450,SOFT,1
TR00520,C10,452,454,SOFT,5
TR00521,C1,432,433,SOFT,5
TR00522,C2,436,438,HARD,10
TR00523,C3,439,441,SOFT,7
TR00524,C4,441,443,SOFT,3
TR00525,C5,445,447,SOFT,7
TR00526,C6,447,449,SOFT,3
TR00527,C7,451,453,HARD,10
TR00528,C8,454,456,SOFT,1
TR00529,C9,456,457,SOFT,5
TR00530,C10,459,461,SOFT,5
TR00531,C1,440,441,SOFT,3
TR00532,C2,444,445,HARD,10
TR00533,C3,447,449,SOFT,1
TR00534,C4,449,451,SOFT,3
TR00535,C5,453,455,SOFT,3
TR00536,C6,456,457,SOFT,7
TR00537,C7,458,459,HARD,10
TR00538,C8,461,463,SOFT,5
TR00539,C9,465,466,SOFT,3
TR00540,C10,467,468,SOFT,3
TR00541,C1,449,450,SOFT,7
TR00542,C2,451,452,HARD,10
TR00543,C3,454,455,SOFT,3
TR00544,C4,457,459,SOFT,5
TR00545,C5,460,462,SOFT,7
TR00546,C6,463,465,SOFT,5
TR00547,C7,466,467,HARD,10
TR00548,C8,470,471,SOFT,3
TR00549,C9,472,473,SOFT,1
TR00550,C10,476,478,SOFT,7
TR00551,C1,457,459,SOFT,3
TR00552,C2,460,461,HARD,10
TR00553,C3,462,463,SOFT,1
TR00554,C4,465,467,SOFT,3
TR00555,C5,468,470,SOFT,7
TR00556,C6,471,472,SOFT,3
TR00557,C7,475,477,HARD,10
TR00558,C8,477,479,SOFT,7
TR00559,C9,384,385,SOFT,1
TR00560,C10,388,389,SOFT,7
TR00561,C1,464,465,SOFT,3
TR00562,C2,467,469,HARD,10
TR00563,C3,471,473,SOFT,5
TR00564,C4,473,475,SOFT,1
TR00565,C5,476,477,SOFT,5
TR00566,C6,478,480,SOFT,1
TR00567,C7,386,387,HARD,10
TR00568,C8,389,390,SOFT,1
TR00569,C9,392,393,SOFT,7
TR00570,C10,395,397,SOFT,5
TR00571,C1,472,473,SOFT,3
TR00572,C2,475,477,HARD,10
TR00573,C3,478,479,SOFT,7
TR00574,C4,386,388,SOFT,5
TR00575,C5,388,389,SOFT,7
TR00576,C1,480,482,HARD,10
TR00577,C2,484,485,SOFT,1
TR00578,C3,487,488,SOFT,3
TR00579,C4,489,490,SOFT,1
TR00580,C5,492,493,SOFT,5
TR00581,C6,496,497,HARD,10
TR00582,C7,499,500,SOFT,7
TR00583,C8,502,503,SOFT,1
TR00584,C9,505,507,SOFT,5
TR00585,C10,507,508,SOFT,3
TR00586,C1,488,490,HARD,10
TR00587,C2,492,494,SOFT,7
TR00588,C3,495,497,SOFT,7
TR00589,C4,498,500,SOFT,1
TR00590,C5,501,503,SOFT,7
TR00591,C6,503,504,HARD,10
TR00592,C7,507,509,SOFT,3
TR00593,C8,509,511,SOFT,5
TR00594,C9,512,514,SOFT,1
TR00595,C10,516,518,SOFT,5
TR00596,C1,497,499,HARD,10
TR00597,C2,499,500,SOFT,5
TR00598,C3,503,504,SOFT,1
TR00599,C4,505,507,SOFT,7
TR00600,C5,508,509,SOFT,1
TR00601,C6,511,513,HARD,10
TR00602,C7,514,515,SOFT,1
TR00603,C8,517,518,SOFT,5
TR00604,C9,520,521,SOFT,3
TR00605,C10,524,525,SOFT,1
TR00606,C1,504,505,HARD,10
TR00607,C2,507,509,SOFT,7
TR00608,C3,511,512,SOFT,5
TR00609,C4,513,514,SOFT,1
TR00610,C5,517,518,SOFT,5
TR00611,C6,520,522,HARD,10
TR00612,C7,522,524,SOFT,3
TR00613,C8,526,528,SOFT,1
TR00614,C9,528,530,SOFT,5
TR00615,C10,532,534,SOFT,7
TR00616,C1,513,514,HARD,10
TR00617,C2,515,517,SOFT,7
TR00618,C3,518,520,SOFT,3
TR00619,C4,521,523,SOFT,3
TR00620,C5,524,525,SOFT,1
TR00621,C6,527,528,HARD,10
TR00622,C7,530,531,SOFT,7
TR00623,C8,533,534,SOFT,1
TR00624,C9,536,538,SOFT,7
TR00625,C10,539,540,SOFT,7
TR00626,C1,520,521,HARD,10
TR00627,C2,523,524,SOFT,7
TR00628,C3,527,528,SOFT,5
TR00629,C4,530,531,SOFT,5
TR00630,C5,532,533,SOFT,7
TR00631,C6,536,537,HARD,10
TR00632,C7,539,540,SOFT,1
TR00633,C8,542,544,SOFT,1
TR00634,C9,544,545,SOFT,1
TR00635,C10,548,550,SOFT,7
TR00636,C1,528,530,HARD,10
TR00637,C2,531,532,SOFT,3
TR00638,C3,535,537,SOFT,3
TR00639,C4,537,538,SOFT,1
TR00640,C5,540,541,SOFT,3
TR00641,C6,543,545,HARD,10
TR00642,C7,546,547,SOFT,7
TR00643,C8,549,550,SOFT,5
TR00644,C9,552,553,SOFT,1
TR00645,C10,556,558,SOFT,7
TR00646,C1,537,538,HARD,10
TR00647,C2,539,541,SOFT,5
TR00648,C3,542,543,SOFT,3
TR00649,C4,546,547,SOFT,7
TR00650,C5,549,551,SOFT,7
TR00651,C6,551,552,HARD,10
TR00652,C7,555,556,SOFT,3
TR00653,C8,557,559,SOFT,7
TR00654,C9,561,562,SOFT,3
TR00655,C10,564,566,SOFT,3
TR00656,C1,544,546,HARD,10
TR00657,C2,548,549,SOFT,5
TR00658,C3,550,552,SOFT,7
TR00659,C4,554,556,SOFT,7
TR00660,C5,557,558,SOFT,1
TR00661,C6,559,561,HARD,10
TR00662,C7,562,564,SOFT,3
TR00663,C8,565,566,SOFT,3
TR00664,C9,568,569,SOFT,7
TR00665,C10,571,573,SOFT,3
TR00666,C1,553,554,HARD,10
TR00667,C2,556,557,SOFT,3
TR00668,C3,558,559,SOFT,5
TR00669,C4,561,562,SOFT,7
TR00670,C5,564,566,SOFT,1
TR00671,C6,568,570,HARD,10
TR00672,C7,570,572,SOFT,1
TR00673,C8,573,575,SOFT,7
TR00674,C9,481,483,SOFT,1
TR00675,C10,483,484,SOFT,3
TR00676,C1,560,561,HARD,10
TR00677,C2,563,564,SOFT,3
TR00678,C3,566,568,SOFT,1
TR00679,C4,569,571,SOFT,5
TR00680,C5,572,574,SOFT,7
TR00681,C6,574,576,HARD,10
TR00682,C7,483,485,SOFT,1
TR00683,C8,485,486,SOFT,5
TR00684,C9,489,490,SOFT,3
TR00685,C10,491,493,SOFT,5
TR00686,C1,568,570,HARD,10
TR00687,C2,571,572,SOFT,7
TR00688,C3,574,576,SOFT,5
TR00689,C4,482,483,SOFT,5
TR00690,C5,484,486,SOFT,5
TR00691,C1,576,578,SOFT,3
TR00692,C2,579,580,SOFT,1
TR00693,C3,582,583,SOFT,1
TR00694,C4,585,586,SOFT,3
TR00695,C5,588,589,HARD,10
TR00696,C6,591,593,SOFT,7
TR00697,C7,594,596,SOFT,3
TR00698,C8,598,600,SOFT,1
TR00699,C9,600,601,SOFT,5
TR00700,C10,603,604,HARD,10
TR00701,C1,584,585,SOFT,7
TR00702,C2,587,589,SOFT,7
TR00703,C3,591,592,SOFT,7
TR00704,C4,594,595,SOFT,3
TR00705,C5,596,598,HARD,10
TR00706,C6,600,601,SOFT,5
TR00707,C7,603,605,SOFT,1
TR00708,C8,606,608,SOFT,3
TR00709,C9,608,609,SOFT,5
TR00710,C10,611,613,HARD,10
TR00711,C1,592,593,SOFT,7
TR00712,C2,595,596,SOFT,1
TR00713,C3,599,600,SOFT,1
TR00714,C4,601,603,SOFT,5
TR00715,C5,604,606,HARD,10
TR00716,C6,607,609,SOFT,7
TR00717,C7,610,611,SOFT,5
TR00718,C8,613,614,SOFT,3
TR00719,C9,616,618,SOFT,7
TR00720,C10,620,622,HARD,10
TR00721,C1,601,603,SOFT,3
TR00722,C2,603,604,SOFT,1
TR00723,C3,607,609,SOFT,5
TR00724,C4,609,611,SOFT,3
TR00725,C5,612,613,HARD,10
TR00726,C6,616,618,SOFT,5
TR00727,C7,619,621,SOFT,3
TR00728,C8,621,622,SOFT,5
TR00729,C9,624,626,SOFT,1
TR00730,C10,627,628,HARD,10
TR00731,C1,609,611,SOFT,7
TR00732,C2,611,613,SOFT,3
TR00733,C3,615,616,SOFT,3
TR00734,C4,617,618,SOFT,3
TR00735,C5,620,621,HARD,10
TR00736,C6,623,625,SOFT,1
TR00737,C7,626,628,SOFT,1
TR00738,C8,630,631,SOFT,1
TR00739,C9,632,633,SOFT,7
TR00740,C10,636,637,HARD,10
TR00741,C1,616,618,SOFT,1
TR00742,C2,620,622,SOFT,5
TR00743,C3,622,624,SOFT,3
TR00744,C4,626,627,SOFT,1
TR00745,C5,629,630,HARD,10
TR00746,C6,631,633,SOFT,1
TR00747,C7,634,635,SOFT,7
TR00748,C8,637,638,SOFT,3
TR00749,C9,641,642,SOFT,7
TR00750,C10,644,646,HARD,10
TR00751,C1,624,625,SOFT,5
TR00752,C2,627,629,SOFT,5
TR00753,C3,630,632,SOFT,3
TR00754,C4,634,635,SOFT,1
TR00755,C5,637,638,HARD,10
TR00756,C6,639,641,SOFT,7
TR00757,C7,642,643,SOFT,3
TR00758,C8,645,647,SOFT,5
TR00759,C9,648,650,SOFT,3
TR00760,C10,651,653,HARD,10
TR00761,C1,632,633,SOFT,5
TR00762,C2,635,636,SOFT,5
TR00763,C3,639,640,SOFT,1
TR00764,C4,642,644,SOFT,7
TR00765,C5,644,645,HARD,10
TR00766,C6,648,650,SOFT,1
TR00767,C7,651,653,SOFT,1
TR00768,C8,654,655,SOFT,1
TR00769,C9,656,658,SOFT,5
TR00770,C10,659,660,HARD,10
TR00771,C1,640,642,SOFT,1
TR00772,C2,643,645,SOFT,1
TR00773,C3,646,647,SOFT,3
TR00774,C4,650,651,SOFT,7
TR00775,C5,652,653,HARD,10
TR00776,C6,655,656,SOFT,3
TR00777,C7,659,661,SOFT,1
TR00778,C8,662,663,SOFT,5
TR00779,C9,664,665,SOFT,3
TR00780,C10,668,669,HARD,10
TR00781,C1,649,650,SOFT,7
TR00782,C2,651,652,SOFT,7
TR00783,C3,654,656,SOFT,7
TR00784,C4,657,658,SOFT,1
TR00785,C5,660,661,HARD,10
TR00786,C6,664,666,SOFT,3
TR00787,C7,666,667,SOFT,1
TR00788,C8,669,670,SOFT,7
TR00789,C9,576,578,SOFT,7
TR00790,C10,579,581,HARD,10
TR00791,C1,657,659,SOFT,3
TR00792,C2,660,662,SOFT,5
TR00793,C3,662,664,SOFT,3
TR00794,C4,665,667,SOFT,1
TR00795,C5,669,671,HARD,10
TR00796,C6,670,671,SOFT,5
TR00797,C7,578,580,SOFT,3
TR00798,C8,581,583,SOFT,5
TR00799,C9,585,586,SOFT,5
TR00800,C10,587,588,HARD,10
TR00801,C1,664,665,SOFT,7
TR00802,C2,668,669,SOFT,3
TR00803,C3,670,672,SOFT,1
TR00804,C4,578,579,SOFT,3
TR00805,C5,581,582,HARD,10
TR00806,C1,672,673,SOFT,7
TR00807,C2,675,677,SOFT,7
TR00808,C3,679,681,SOFT,7
TR00809,C4,681,682,HARD,10
TR00810,C5,684,686,SOFT,5
TR00811,C6,688,690,SOFT,5
TR00812,C7,690,691,SOFT,1
TR00813,C8,693,695,SOFT,3
TR00814,C9,696,697,HARD,10
TR00815,C10,699,701,SOFT,3
TR00816,C1,680,682,SOFT,3
TR00817,C2,684,685,SOFT,5
TR00818,C3,686,687,SOFT,1
TR00819,C4,689,690,HARD,10
TR00820,C5,693,694,SOFT,1
TR00821,C6,696,697,SOFT,7
TR00822,C7,698,699,SOFT,5
TR00823,C8,701,702,SOFT,7
TR00824,C9,705,707,HARD,10
TR00825,C10,707,708,SOFT,1
TR00826,C1,689,690,SOFT,7
TR00827,C2,692,693,SOFT,3
TR00828,C3,695,697,SOFT,3
TR00829,C4,698,700,HARD,10
TR00830,C5,701,703,SOFT,5
TR00831,C6,704,706,SOFT,5
TR00832,C7,707,708,SOFT,5
TR00833,C8,709,710,SOFT,1
TR00834,C9,712,714,HARD,10
TR00835,C10,715,717,SOFT,3
TR00836,C1,696,697,SOFT,7
TR00837,C2,699,701,SOFT,7
TR00838,C3,703,705,SOFT,7
TR00839,C4,705,706,HARD,10
TR00840,C5,708,710,SOFT,7
TR00841,C6,711,712,SOFT,3
TR00842,C7,714,715,SOFT,3
TR00843,C8,717,718,SOFT,1
TR00844,C9,721,723,HARD,10
TR00845,C10,724,725,SOFT,7
TR00846,C1,704,706,SOFT,5
TR00847,C2,707,709,SOFT,5
TR00848,C3,710,711,SOFT,5
TR00849,C4,713,714,HARD,10
TR00850,C5,716,718,SOFT,1
TR00851,C6,720,721,SOFT,5
TR00852,C7,722,724,SOFT,5
TR00853,C8,726,728,SOFT,3
TR00854,C9,728,729,HARD,10
TR00855,C10,732,734,SOFT,7
TR00856,C1,712,713,SOFT,3
TR00857,C2,715,716,SOFT,5
TR00858,C3,718,720,SOFT,7
TR00859,C4,721,723,HARD,10
TR00860,C5,724,726,SOFT,1
TR00861,C6,727,729,SOFT,5
TR00862,C7,730,732,SOFT,1
TR00863,C8,733,734,SOFT,3
TR00864,C9,736,738,HARD,10
TR00865,C10,739,741,SOFT,3
TR00866,C1,720,722,SOFT,5
TR00867,C2,724,725,SOFT,5
TR00868,C3,727,729,SOFT,1
TR00869,C4,729,731,HARD,10
TR00870,C5,732,733,SOFT,1
TR00871,C6,736,737,SOFT,5
TR00872,C7,738,739,SOFT,7
TR00873,C8,742,743,SOFT,7
TR00874,C9,745,747,HARD,10
TR00875,C10,748,749,SOFT,5
TR00876,C1,728,729,SOFT,7
TR00877,C2,732,734,SOFT,5
TR00878,C3,734,735,SOFT,1
TR00879,C4,737,738,HARD,10
TR00880,C5,741,743,SOFT,3
TR00881,C6,743,745,SOFT,7
TR00882,C7,747,748,SOFT,1
TR00883,C8,750,752,SOFT,1
TR00884,C9,753,755,HARD,10
TR00885,C10,755,756,SOFT,5
TR00886,C1,736,738,SOFT,7
TR00887,C2,739,741,SOFT,3
TR00888,C3,743,745,SOFT,3
TR00889,C4,745,746,HARD,10
TR00890,C5,748,749,SOFT,1
TR00891,C6,751,753,SOFT,5
TR00892,C7,755,756,SOFT,1
TR00893,C8,757,758,SOFT,3
TR00894,C9,761,763,HARD,10
TR00895,C10,763,765,SOFT,7
TR00896,C1,744,745,SOFT,1
TR00897,C2,747,748,SOFT,1
TR00898,C3,750,751,SOFT,5
TR00899,C4,753,754,HARD,10
TR00900,C5,756,758,SOFT,1
TR00901,C6,760,761,SOFT,3
TR00902,C7,762,763,SOFT,3
TR00903,C8,765,766,SOFT,7
TR00904,C9,672,673,HARD,10
TR00905,C10,676,678,SOFT,5
TR00906,C1,752,753,SOFT,7
TR00907,C2,755,756,SOFT,1
TR00908,C3,759,761,SOFT,7
TR00909,C4,761,762,HARD,10
TR00910,C5,765,767,SOFT,7
TR00911,C6,766,767,SOFT,3
TR00912,C7,674,676,SOFT,7
TR00913,C8,677,678,SOFT,1
TR00914,C9,680,682,HARD,10
TR00915,C10,683,685,SOFT,3
TR00916,C1,760,762,SOFT,7
TR00917,C2,764,765,SOFT,3
TR00918,C3,766,767,SOFT,7
TR00919,C4,673,674,HARD,10
TR00920,C5,676,678,SOFT,1
TR00921,C1,769,771,SOFT,7
TR00922,C2,771,773,SOFT,5
TR00923,C3,775,777,HARD,10
TR00924,C4,777,779,SOFT,5
TR00925,C5,781,783,SOFT,5
TR00926,C6,783,785,SOFT,5
TR00927,C7,787,789,SOFT,7
TR00928,C8,790,792,HARD,10
TR00929,C9,792,794,SOFT,7
TR00930,C10,796,797,SOFT,7
TR00931,C1,777,778,SOFT,1
TR00932,C2,780,782,SOFT,1
TR00933,C3,782,783,HARD,10
TR00934,C4,785,786,SOFT,1
TR00935,C5,789,791,SOFT,5
TR00936,C6,792,794,SOFT,5
TR00937,C7,795,796,SOFT,3
TR00938,C8,797,798,HARD,10
TR00939,C9,800,802,SOFT,7
TR00940,C10,803,805,SOFT,3
TR00941,C1,785,787,SOFT,1
TR00942,C2,788,789,SOFT,7
TR00943,C3,791,792,HARD,10
TR00944,C4,793,794,SOFT,3
TR00945,C5,796,797,SOFT,3
TR00946,C6,800,802,SOFT,5
TR00947,C7,802,804,SOFT,5
TR00948,C8,805,807,HARD,10
TR00949,C9,808,809,SOFT,3
TR00950,C10,812,814,SOFT,5
TR00951,C1,792,794,SOFT,7
TR00952,C2,795,797,SOFT,1
TR00953,C3,798,799,HARD,10
TR00954,C4,802,804,SOFT,5
TR00955,C5,804,805,SOFT,1
TR00956,C6,807,809,SOFT,7
TR00957,C7,810,812,SOFT,1
TR00958,C8,813,815,HARD,10
TR00959,C9,816,818,SOFT,7
TR00960,C10,819,821,SOFT,3
TR00961,C1,800,801,SOFT,1
TR00962,C2,804,806,SOFT,1
TR00963,C3,807,808,HARD,10
TR00964,C4,809,811,SOFT,5
TR00965,C5,812,813,SOFT,3
TR00966,C6,816,817,SOFT,5
TR00967,C7,818,819,SOFT,3
TR00968,C8,821,822,HARD,10
TR00969,C9,824,825,SOFT,7
TR00970,C10,828,829,SOFT,7
TR00971,C1,809,810,SOFT,7
TR00972,C2,811,813,SOFT,1
TR00973,C3,815,817,HARD,10
TR00974,C4,817,818,SOFT,1
TR00975,C5,821,823,SOFT,1
TR00976,C6,824,825,SOFT,7
TR00977,C7,826,827,SOFT,3
TR00978,C8,830,831,HARD,10
TR00979,C9,833,835,SOFT,3
TR00980,C10,835,837,SOFT,1
TR00981,C1,816,818,SOFT,7
TR00982,C2,820,821,SOFT,1
TR00983,C3,822,823,HARD,10
TR00984,C4,825,827,SOFT,1
TR00985,C5,829,830,SOFT,1
TR00986,C6,831,832,SOFT,7
TR00987,C7,834,835,SOFT,3
TR00988,C8,837,838,HARD,10
TR00989,C9,840,841,SOFT,5
TR00990,C10,843,845,SOFT,7
TR00991,C1,825,827,SOFT,3
TR00992,C2,828,829,SOFT,7
TR00993,C3,830,831,HARD,10
TR00994,C4,834,835,SOFT,3
TR00995,C5,836,838,SOFT,3
TR00996,C6,839,840,SOFT,3
TR00997,C7,842,844,SOFT,5
TR00998,C8,845,846,HARD,10
TR00999,C9,848,850,SOFT,5
TR01000,C10,851,852,SOFT,3
TR01001,C1,832,834,SOFT,1
TR01002,C2,835,836,SOFT,3
TR01003,C3,838,840,HARD,10
TR01004,C4,842,844,SOFT,5
TR01005,C5,844,846,SOFT,7
TR01006,C6,847,849,SOFT,1
TR01007,C7,850,852,SOFT,1
TR01008,C8,853,855,HARD,10
TR01009,C9,856,857,SOFT,1
TR01010,C10,859,860,SOFT,1
TR01011,C1,841,842,SOFT,1
TR01012,C2,843,845,SOFT,5
TR01013,C3,846,847,HARD,10
TR01014,C4,849,850,SOFT,3
TR01015,C5,852,854,SOFT,1
TR01016,C6,855,857,SOFT,1
TR01017,C7,858,860,SOFT,3
TR01018,C8,862,863,HARD,10
TR01019,C9,768,769,SOFT,1
TR01020,C10,771,773,SOFT,3
TR01021,C1,849,851,SOFT,3
TR01022,C2,852,854,SOFT,7
TR01023,C3,855,856,HARD,10
TR01024,C4,857,858,SOFT,5
TR01025,C5,861,862,SOFT,1
TR01026,C6,862,864,SOFT,5
TR01027,C7,771,772,SOFT,7
TR01028,C8,773,774,HARD,10
TR01029,C9,776,778,SOFT,5
TR01030,C10,780,781,SOFT,3
TR01031,C1,857,858,SOFT,3
TR01032,C2,860,861,SOFT,1
TR01033,C3,862,863,HARD,10
TR01034,C4,769,771,SOFT,5
TR01035,C5,772,774,SOFT,3
TR01036,C1,865,867,SOFT,1
TR01037,C2,867,868,HARD,10
TR01038,C3,870,872,SOFT,5
TR01039,C4,873,875,SOFT,1
TR01040,C5,876,878,SOFT,1
TR01041,C6,879,881,SOFT,1
TR01042,C7,882,883,HARD,10
TR01043,C8,885,887,SOFT,3
TR01044,C9,888,890,SOFT,7
TR01045,C10,891,893,SOFT,5
TR01046,C1,872,874,SOFT,5
TR01047,C2,875,876,HARD,10
TR01048,C3,879,880,SOFT,1
TR01049,C4,881,883,SOFT,5
TR01050,C5,884,885,SOFT,3
TR01051,C6,888,889,SOFT,5
TR01052,C7,890,892,HARD,10
TR01053,C8,893,894,SOFT,7
TR01054,C9,896,897,SOFT,5
TR01055,C10,899,901,SOFT,1
TR01056,C1,880,881,SOFT,3
TR01057,C2,884,886,HARD,10
TR01058,C3,886,888,SOFT,3
TR01059,C4,889,891,SOFT,5
TR01060,C5,892,893,SOFT,5
TR01061,C6,896,897,SOFT,1
TR01062,C7,898,899,HARD,10
TR01063,C8,902,903,SOFT,5
TR01064,C9,904,906,SOFT,7
TR01065,C10,908,909,SOFT,5
TR01066,C1,888,889,SOFT,7
TR01067,C2,891,893,HARD,10
TR01068,C3,894,896,SOFT,1
TR01069,C4,897,899,SOFT,7
TR01070,C5,901,903,SOFT,7
TR01071,C6,903,905,SOFT,3
TR01072,C7,906,908,HARD,10
TR01073,C8,909,911,SOFT,7
TR01074,C9,912,914,SOFT,7
TR01075,C10,916,917,SOFT,1
TR01076,C1,896,898,SOFT,5
TR01077,C2,899,901,HARD,10
TR01078,C3,903,905,SOFT,1
TR01079,C4,905,907,SOFT,1
TR01080,C5,908,909,SOFT,1
TR01081,C6,912,914,SOFT,7
TR01082,C7,915,917,HARD,10
TR01083,C8,918,919,SOFT,5
TR01084,C9,920,921,SOFT,1
TR01085,C10,923,925,SOFT,7
TR01086,C1,905,907,SOFT,5
TR01087,C2,907,908,HARD,10
TR01088,C3,911,913,SOFT,5
TR01089,C4,913,915,SOFT,3
TR01090,C5,916,918,SOFT,7
TR01091,C6,920,922,SOFT,3
TR01092,C7,922,924,HARD,10
TR01093,C8,925,926,SOFT,3
TR01094,C9,928,929,SOFT,3
TR01095,C10,931,932,SOFT,7
TR01096,C1,912,913,SOFT,5
TR01097,C2,915,917,HARD,10
TR01098,C3,918,919,SOFT,1
TR01099,C4,921,922,SOFT,5
TR01100,C5,924,925,SOFT,3
TR01101,C6,927,929,SOFT,5
TR01102,C7,931,933,HARD,10
TR01103,C8,933,934,SOFT,3
TR01104,C9,936,937,SOFT,3
TR01105,C10,940,941,SOFT,1
TR01106,C1,920,922,SOFT,5
TR01107,C2,923,924,HARD,10
TR01108,C3,926,928,SOFT,7
TR01109,C4,930,931,SOFT,3
TR01110,C5,933,935,SOFT,3
TR01111,C6,936,938,SOFT,1
TR01112,C7,938,940,HARD,10
TR01113,C8,941,943,SOFT,1
TR01114,C9,945,947,SOFT,1
TR01115,C10,947,948,SOFT,1
TR01116,C1,928,930,SOFT,5
TR01117,C2,932,933,HARD,10
TR01118,C3,934,936,SOFT,3
TR01119,C4,937,939,SOFT,5
TR01120,C5,941,943,SOFT,5
TR01121,C6,944,945,SOFT,1
TR01122,C7,946,947,HARD,10
TR01123,C8,949,950,SOFT,1
TR01124,C9,952,953,SOFT,3
TR01125,C10,956,957,SOFT,1
TR01126,C1,936,938,SOFT,3
TR01127,C2,940,942,HARD,10
TR01128,C3,943,944,SOFT,5
TR01129,C4,945,947,SOFT,5
TR01130,C5,948,950,SOFT,5
TR01131,C6,951,953,SOFT,3
TR01132,C7,955,957,HARD,10
TR01133,C8,957,958,SOFT,1
TR01134,C9,864,865,SOFT,3
TR01135,C10,867,869,SOFT,5
TR01136,C1,945,946,SOFT,5
TR01137,C2,948,950,HARD,10
TR01138,C3,950,951,SOFT,7
TR01139,C4,953,954,SOFT,5
TR01140,C5,956,957,SOFT,5
TR01141,C6,958,959,SOFT,3
TR01142,C7,867,869,HARD,10
TR01143,C8,870,871,SOFT,5
TR01144,C9,872,874,SOFT,7
TR01145,C10,876,878,SOFT,5
TR01146,C1,952,953,SOFT,7
TR01147,C2,956,958,HARD,10
TR01148,C3,958,960,SOFT,7
TR01149,C4,866,868,SOFT,3
TR01150,C5,868,869,SOFT,3
TR01151,C1,960,961,HARD,10
TR01152,C2,963,965,SOFT,7
TR01153,C3,966,967,SOFT,1
TR01154,C4,969,971,SOFT,5
TR01155,C5,972,974,SOFT,5
TR01156,C6,975,976,HARD,10
TR01157,C7,978,979,SOFT,1
TR01158,C8,982,983,SOFT,7
TR01159,C9,984,985,SOFT,7
TR01160,C10,988,990,SOFT,1
TR01161,C1,968,969,HARD,10
TR01162,C2,972,974,SOFT,1
TR01163,C3,974,975,SOFT,5
TR01164,C4,978,980,SOFT,3
TR01165,C5,980,981,SOFT,7
TR01166,C6,984,985,HARD,10
TR01167,C7,987,988,SOFT,3
TR01168,C8,989,990,SOFT,1
TR01169,C9,992,994,SOFT,7
TR01170,C10,995,996,SOFT,1
TR01171,C1,977,978,HARD,10
TR01172,C2,979,980,SOFT,1
TR01173,C3,982,983,SOFT,1
TR01174,C4,986,988,SOFT,7
TR01175,C5,989,991,SOFT,7
TR01176,C6,992,994,HARD,10
TR01177,C7,994,996,SOFT,7
TR01178,C8,997,999,SOFT,1
TR01179,C9,1000,1001,SOFT,5
TR01180,C10,1003,1005,SOFT,5
TR01181,C1,984,986,HARD,10
TR01182,C2,987,988,SOFT,7
TR01183,C3,991,993,SOFT,7
TR01184,C4,993,994,SOFT,5
TR01185,C5,997,999,SOFT,7
TR01186,C6,999,1001,HARD,10
TR01187,C7,1003,1004,SOFT,5
TR01188,C8,1005,1006,SOFT,5
TR01189,C9,1008,1009,SOFT,1
TR01190,C10,1011,1012,SOFT,3
TR01191,C1,993,995,HARD,10
TR01192,C2,995,997,SOFT,7
TR01193,C3,998,999,SOFT,1
TR01194,C4,1001,1002,SOFT,1
TR01195,C5,1004,1005,SOFT,1
TR01196,C6,1007,1009,HARD,10
TR01197,C7,1011,1013,SOFT,3
TR01198,C8,1013,1014,SOFT,1
TR01199,C9,1017,1019,SOFT,3
TR01200,C10,1019,1020,SOFT,3
TR01201,C1,1000,1001,HARD,10
TR01202,C2,1003,1004,SOFT,3
TR01203,C3,1007,1008,SOFT,5
TR01204,C4,1009,1011,SOFT,7
TR01205,C5,1013,1014,SOFT,3
TR01206,C6,1015,1016,HARD,10
TR01207,C7,1018,1020,SOFT,3
TR01208,C8,1022,1023,SOFT,3
TR01209,C9,1024,1026,SOFT,7
TR01210,C10,1027,1029,SOFT,3
TR01211,C1,1008,1009,HARD,10
TR01212,C2,1012,1014,SOFT,5
TR01213,C3,1015,1017,SOFT,5
TR01214,C4,1018,1020,SOFT,7
TR01215,C5,1021,1023,SOFT,1
TR01216,C6,1023,1025,HARD,10
TR01217,C7,1026,1027,SOFT,5
TR01218,C8,1030,1031,SOFT,1
TR01219,C9,1032,1033,SOFT,5
TR01220,C10,1035,1036,SOFT,3
TR01221,C1,1017,1019,HARD,10
TR01222,C2,1020,1022,SOFT,1
TR01223,C3,1022,1023,SOFT,7
TR01224,C4,1025,1026,SOFT,1
TR01225,C5,1029,1030,SOFT,7
TR01226,C6,1031,1033,HARD,10
TR01227,C7,1034,1036,SOFT,1
TR01228,C8,1037,1039,SOFT,7
TR01229,C9,1040,1041,SOFT,7
TR01230,C10,1044,1046,SOFT,3
TR01231,C1,1025,1027,HARD,10
TR01232,C2,1027,1028,SOFT,1
TR01233,C3,1031,1033,SOFT,3
TR01234,C4,1033,1035,SOFT,7
TR01235,C5,1036,1037,SOFT,3
TR01236,C6,1040,1041,HARD,10
TR01237,C7,1043,1044,SOFT,1
TR01238,C8,1045,1047,SOFT,1
TR01239,C9,1048,1049,SOFT,7
TR01240,C10,1051,1052,SOFT,5
TR01241,C1,1032,1034,HARD,10
TR01242,C2,1035,1036,SOFT,5
TR01243,C3,1038,1039,SOFT,7
TR01244,C4,1041,1042,SOFT,5
TR01245,C5,1045,1047,SOFT,5
TR01246,C6,1047,1049,HARD,10
TR01247,C7,1050,1052,SOFT,1
TR01248,C8,1053,1054,SOFT,3
TR01249,C9,960,962,SOFT,5
TR01250,C10,963,964,SOFT,3
TR01251,C1,1040,1041,HARD,10
TR01252,C2,1044,1046,SOFT,7
TR01253,C3,1047,1048,SOFT,7
TR01254,C4,1049,1051,SOFT,1
TR01255,C5,1052,1054,SOFT,7
TR01256,C6,1054,1055,HARD,10
TR01257,C7,963,965,SOFT,1
TR01258,C8,965,967,SOFT,7
TR01259,C9,969,971,SOFT,5
TR01260,C10,972,973,SOFT,7
TR01261,C1,1048,1050,HARD,10
TR01262,C2,1052,1054,SOFT,7
TR01263,C3,1054,1055,SOFT,1
TR01264,C4,961,962,SOFT,1
TR01265,C5,964,965,SOFT,3
TR01266,C1,1056,1057,SOFT,1
TR01267,C2,1060,1062,SOFT,7
TR01268,C3,1063,1064,SOFT,7
TR01269,C4,1066,1068,SOFT,1
TR01270,C5,1069,1070,HARD,10
TR01271,C6,1071,1072,SOFT,5
TR01272,C7,1074,1075,SOFT,7
TR01273,C8,1077,1078,SOFT,3
TR01274,C9,1081,1083,SOFT,1
TR01275,C10,1083,1085,HARD,10
TR01276,C1,1065,1066,SOFT,7
TR01277,C2,1068,1070,SOFT,5
TR01278,C3,1071,1072,SOFT,1
TR01279,C4,1073,1074,SOFT,3
TR01280,C5,1076,1078,HARD,10
TR01281,C6,1080,1081,SOFT,7
TR01282,C7,1082,1083,SOFT,1
TR01283,C8,1085,1087,SOFT,5
TR01284,C9,1088,1090,SOFT,7
TR01285,C10,1091,1092,HARD,10
TR01286,C1,1072,1073,SOFT,3
TR01287,C2,1075,1077,SOFT,7
TR01288,C3,1078,1079,SOFT,3
TR01289,C4,1081,1083,SOFT,5
TR01290,C5,1085,1087,HARD,10
TR01291,C6,1087,1088,SOFT,3
TR01292,C7,1090,1091,SOFT,3
TR01293,C8,1093,1094,SOFT,1
TR01294,C9,1096,1097,SOFT,1
TR01295,C10,1100,1102,HARD,10
TR01296,C1,1081,1083,SOFT,3
TR01297,C2,1083,1085,SOFT,5
TR01298,C3,1086,1088,SOFT,7
TR01299,C4,1090,1091,SOFT,7
TR01300,C5,1092,1094,HARD,10
TR01301,C6,1095,1096,SOFT,3
TR01302,C7,1098,1100,SOFT,7
TR01303,C8,1101,1102,SOFT,5
TR01304,C9,1105,1107,SOFT,1
TR01305,C10,1108,1109,HARD,10
TR01306,C1,1089,1090,SOFT,5
TR01307,C2,1091,1093,SOFT,1
TR01308,C3,1095,1096,SOFT,1
TR01309,C4,1097,1098,SOFT,1
TR01310,C5,1100,1101,HARD,10
TR01311,C6,1103,1104,SOFT,7
TR01312,C7,1106,1108,SOFT,1
TR01313,C8,1109,1110,SOFT,3
TR01314,C9,1112,1114,SOFT,1
TR01315,C10,1115,1116,HARD,10
TR01316,C1,1096,1098,SOFT,7
TR01317,C2,1099,1100,SOFT,5
TR01318,C3,1102,1104,SOFT,3
TR01319,C4,1105,1106,SOFT,5
TR01320,C5,1108,1110,HARD,10
TR01321,C6,1112,1114,SOFT,7
TR01322,C7,1114,1115,SOFT,1
TR01323,C8,1118,1119,SOFT,5
TR01324,C9,1120,1121,SOFT,1
TR01325,C10,1123,1124,HARD,10
TR01326,C1,1105,1107,SOFT,7
TR01327,C2,1107,1109,SOFT,3
TR01328,C3,1110,1112,SOFT,5
TR01329,C4,1113,1115,SOFT,3
TR01330,C5,1117,1118,HARD,10
TR01331,C6,1120,1121,SOFT,5
TR01332,C7,1123,1124,SOFT,5
TR01333,C8,1125,1127,SOFT,3
TR01334,C9,1128,1129,SOFT,7
TR01335,C10,1131,1133,HARD,10
TR01336,C1,1113,1114,SOFT,5
TR01337,C2,1115,1117,SOFT,7
TR01338,C3,1119,1121,SOFT,3
TR01339,C4,1122,1124,SOFT,1
TR01340,C5,1124,1126,HARD,10
TR01341,C6,1127,1128,SOFT,1
TR01342,C7,1130,1132,SOFT,5
TR01343,C8,1133,1134,SOFT,5
TR01344,C9,1136,1137,SOFT,3
TR01345,C10,1140,1141,HARD,10
TR01346,C1,1120,1122,SOFT,1
TR01347,C2,1123,1125,SOFT,5
TR01348,C3,1126,1128,SOFT,3
TR01349,C4,1129,1131,SOFT,1
TR01350,C5,1133,1135,HARD,10
TR01351,C6,1135,1137,SOFT,1
TR01352,C7,1138,1140,SOFT,3
TR01353,C8,1141,1143,SOFT,7
TR01354,C9,1144,1145,SOFT,3
TR01355,C10,1148,1149,HARD,10
TR01356,C1,1128,1129,SOFT,5
TR01357,C2,1131,1133,SOFT,7
TR01358,C3,1135,1136,SOFT,5
TR01359,C4,1137,1139,SOFT,3
TR01360,C5,1141,1143,HARD,10
TR01361,C6,1144,1145,SOFT,1
TR01362,C7,1146,1148,SOFT,7
TR01363,C8,1149,1151,SOFT,1
TR01364,C9,1057,1059,SOFT,1
TR01365,C10,1060,1062,HARD,10
TR01366,C1,1136,1137,SOFT,7
TR01367,C2,1139,1141,SOFT,1
TR01368,C3,1143,1145,SOFT,1
TR01369,C4,1145,1146,SOFT,7
TR01370,C5,1149,1150,HARD,10
TR01371,C6,1150,1152,SOFT,3
TR01372,C7,1059,1061,SOFT,3
TR01373,C8,1062,1064,SOFT,1
TR01374,C9,1064,1065,SOFT,3
TR01375,C10,1067,1068,HARD,10
TR01376,C1,1144,1145,SOFT,7
TR01377,C2,1147,1149,SOFT,1
TR01378,C3,1150,1152,SOFT,7
TR01379,C4,1057,1058,SOFT,3
TR01380,C5,1061,1062,HARD,10
TR01381,C1,1152,1154,SOFT,3
TR01382,C2,1155,1157,SOFT,3
TR01383,C3,1158,1160,SOFT,5
TR01384,C4,1161,1162,HARD,10
TR01385,C5,1164,1165,SOFT,5
TR01386,C6,1167,1168,SOFT,3
TR01387,C7,1170,1172,SOFT,3
TR01388,C8,1174,1175,SOFT,1
TR01389,C9,1177,1179,HARD,10
TR01390,C10,1179,1180,SOFT,5
TR01391,C1,1160,1161,SOFT,7
TR01392,C2,1163,1164,SOFT,7
TR01393,C3,1166,1167,SOFT,7
TR01394,C4,1170,1171,HARD,10
TR01395,C5,1172,1174,SOFT,1
TR01396,C6,1175,1176,SOFT,3
TR01397,C7,1178,1180,SOFT,7
TR01398,C8,1181,1183,SOFT,7
TR01399,C9,1185,1186,HARD,10
TR01400,C10,1187,1189,SOFT,7
TR01401,C1,1169,1170,SOFT,5
TR01402,C2,1171,1172,SOFT,5
TR01403,C3,1175,1177,SOFT,7
TR01404,C4,1178,1180,HARD,10
TR01405,C5,1180,1181,SOFT,3
TR01406,C6,1183,1185,SOFT,7
TR01407,C7,1186,1187,SOFT,7
TR01408,C8,1189,1191,SOFT,7
TR01409,C9,1192,1193,HARD,10
TR01410,C10,1195,1196,SOFT,1
TR01411,C1,1177,1178,SOFT,3
TR01412,C2,1180,1182,SOFT,5
TR01413,C3,1182,1184,SOFT,5
TR01414,C4,1186,1188,HARD,10
TR01415,C5,1189,1191,SOFT,5
TR01416,C6,1192,1194,SOFT,3
TR01417,C7,1195,1196,SOFT,7
TR01418,C8,1197,1198,SOFT,1
TR01419,C9,1201,1203,HARD,10
TR01420,C10,1203,1204,SOFT,5
TR01421,C1,1184,1186,SOFT,3
TR01422,C2,1187,1189,SOFT,7
TR01423,C3,1190,1191,SOFT,1
TR01424,C4,1193,1194,HARD,10
TR01425,C5,1197,1199,SOFT,1
TR01426,C6,1199,1200,SOFT,5
TR01427,C7,1203,1204,SOFT,7
TR01428,C8,1206,1208,SOFT,5
TR01429,C9,1209,1210,HARD,10
TR01430,C10,1211,1213,SOFT,7
TR01431,C1,1192,1193,SOFT,7
TR01432,C2,1195,1197,SOFT,1
TR01433,C3,1199,1200,SOFT,7
TR01434,C4,1201,1203,HARD,10
TR01435,C5,1204,1206,SOFT,7
TR01436,C6,1208,1209,SOFT,3
TR01437,C7,1210,1211,SOFT,1
TR01438,C8,1213,1214,SOFT,1
TR01439,C9,1217,1218,HARD,10
TR01440,C10,1219,1221,SOFT,3
TR01441,C1,1201,1202,SOFT,3
TR01442,C2,1203,1205,SOFT,1
TR01443,C3,1207,1209,SOFT,1
TR01444,C4,1209,1210,HARD,10
TR01445,C5,1213,1215,SOFT,5
TR01446,C6,1215,1216,SOFT,7
TR01447,C7,1218,1220,SOFT,5
TR01448,C8,1221,1222,SOFT,5
TR01449,C9,1224,1226,HARD,10
TR01450,C10,1227,1228,SOFT,3
TR01451,C1,1208,1209,SOFT,1
TR01452,C2,1211,1213,SOFT,1
TR01453,C3,1215,1217,SOFT,7
TR01454,C4,1218,1219,HARD,10
TR01455,C5,1221,1223,SOFT,5
TR01456,C6,1223,1224,SOFT,1
TR01457,C7,1227,1228,SOFT,5
TR01458,C8,1229,1231,SOFT,1
TR01459,C9,1232,1234,HARD,10
TR01460,C10,1236,1237,SOFT,5
TR01461,C1,1216,1218,SOFT,7
TR01462,C2,1219,1221,SOFT,3
TR01463,C3,1223,1224,SOFT,3
TR01464,C4,1225,1227,HARD,10
TR01465,C5,1228,1230,SOFT,3
TR01466,C6,1231,1233,SOFT,5
TR01467,C7,1234,1235,SOFT,5
TR01468,C8,1237,1238,SOFT,1
TR01469,C9,1241,1242,HARD,10
TR01470,C10,1243,1244,SOFT,5
TR01471,C1,1224,1226,SOFT,1
TR01472,C2,1228,1230,SOFT,3
TR01473,C3,1231,1233,SOFT,3
TR01474,C4,1234,1235,HARD,10
TR01475,C5,1237,1239,SOFT,3
TR01476,C6,1239,1240,SOFT,7
TR01477,C7,1243,1244,SOFT,5
TR01478,C8,1245,1247,SOFT,3
TR01479,C9,1152,1153,HARD,10
TR01480,C10,1156,1158,SOFT,3
TR01481,C1,1233,1235,SOFT,1
TR01482,C2,1235,1236,SOFT,7
TR01483,C3,1238,1239,SOFT,1
TR01484,C4,1241,1242,HARD,10
TR01485,C5,1245,1247,SOFT,7
TR01486,C6,1246,1248,SOFT,5
TR01487,C7,1154,1156,SOFT,7
TR01488,C8,1158,1159,SOFT,1
TR01489,C9,1161,1163,HARD,10
TR01490,C10,1163,1164,SOFT,3
TR01491,C1,1240,1242,SOFT,5
TR01492,C2,1243,1244,SOFT,7
TR01493,C3,1246,1247,SOFT,3
TR01494,C4,1154,1156,HARD,10
TR01495,C5,1156,1158,SOFT,1
TR01496,C1,1248,1249,SOFT,3
TR01497,C2,1251,1252,SOFT,1
TR01498,C3,1254,1255,HARD,10
TR01499,C4,1257,1258,SOFT,3
TR01500,C5,1261,1262,SOFT,3
TR01501,C6,1263,1265,SOFT,5
TR01502,C7,1266,1267,SOFT,5
TR01503,C8,1269,1271,HARD,10
TR01504,C9,1273,1274,SOFT,3
TR01505,C10,1275,1276,SOFT,5
TR01506,C1,1256,1257,SOFT,3
TR01507,C2,1259,1261,SOFT,5
TR01508,C3,1263,1265,HARD,10
TR01509,C4,1265,1266,SOFT,3
TR01510,C5,1268,1269,SOFT,1
TR01511,C6,1272,1273,SOFT,7
TR01512,C7,1275,1277,SOFT,7
TR01513,C8,1277,1278,HARD,10
TR01514,C9,1281,1283,SOFT,5
TR01515,C10,1283,1284,SOFT,3
TR01516,C1,1264,1265,SOFT,3
TR01517,C2,1267,1269,SOFT,5
TR01518,C3,1270,1271,HARD,10
TR01519,C4,1273,1275,SOFT,5
TR01520,C5,1276,1278,SOFT,3
TR01521,C6,1279,1280,SOFT,3
TR01522,C7,1283,1285,SOFT,7
TR01523,C8,1285,1286,HARD,10
TR01524,C9,1289,1290,SOFT,3
TR01525,C10,1291,1293,SOFT,1
TR01526,C1,1273,1274,SOFT,5
TR01527,C2,1275,1277,SOFT,1
TR01528,C3,1278,1279,HARD,10
TR01529,C4,1282,1283,SOFT,7
TR01530,C5,1285,1286,SOFT,7
TR01531,C6,1287,1289,SOFT,7
TR01532,C7,1290,1292,SOFT,1
TR01533,C8,1293,1294,HARD,10
TR01534,C9,1297,1299,SOFT,5
TR01535,C10,1299,1300,SOFT,1
TR01536,C1,1280,1281,SOFT,7
TR01537,C2,1284,1285,SOFT,3
TR01538,C3,1287,1288,HARD,10
TR01539,C4,1289,1290,SOFT,1
TR01540,C5,1292,1293,SOFT,3
TR01541,C6,1296,1297,SOFT,3
TR01542,C7,1299,1301,SOFT,7
TR01543,C8,1301,1302,HARD,10
TR01544,C9,1305,1307,SOFT,3
TR01545,C10,1308,1310,SOFT,7
TR01546,C1,1288,1289,SOFT,5
TR01547,C2,1291,1292,SOFT,1
TR01548,C3,1295,1297,HARD,10
TR01549,C4,1297,1298,SOFT,3
TR01550,C5,1301,1302,SOFT,7
TR01551,C6,1303,1304,SOFT,5
TR01552,C7,1307,1309,SOFT,7
TR01553,C8,1310,1311,HARD,10
TR01554,C9,1312,1314,SOFT,5
TR01555,C10,1315,1317,SOFT,3
TR01556,C1,1297,1298,SOFT,3
TR01557,C2,1300,1302,SOFT,7
TR01558,C3,1303,1304,HARD,10
TR01559,C4,1305,1306,SOFT,7
TR01560,C5,1308,1310,SOFT,3
TR01561,C6,1311,1313,SOFT,7
TR01562,C7,1314,1316,SOFT,5
TR01563,C8,1318,1319,HARD,10
TR01564,C9,1320,1322,SOFT,7
TR01565,C10,1324,1325,SOFT,1
TR01566,C1,1304,1306,SOFT,7
TR01567,C2,1308,1310,SOFT,3
TR01568,C3,1310,1312,HARD,10
TR01569,C4,1313,1315,SOFT,1
TR01570,C5,1316,1317,SOFT,3
TR01571,C6,1319,1321,SOFT,5
TR01572,C7,1322,1323,SOFT,3
TR01573,C8,1325,1326,HARD,10
TR01574,C9,1328,1329,SOFT,5
TR01575,C10,1331,1332,SOFT,7
TR01576,C1,1312,1313,SOFT,5
TR01577,C2,1315,1317,SOFT,7
TR01578,C3,1319,1321,HARD,10
TR01579,C4,1322,1323,SOFT,1
TR01580,C5,1324,1325,SOFT,1
TR01581,C6,1327,1329,SOFT,5
TR01582,C7,1330,1331,SOFT,1
TR01583,C8,1333,1334,HARD,10
TR01584,C9,1336,1338,SOFT,7
TR01585,C10,1339,1341,SOFT,5
TR01586,C1,1320,1322,SOFT,7
TR01587,C2,1323,1324,SOFT,3
TR01588,C3,1326,1328,HARD,10
TR01589,C4,1330,1331,SOFT,5
TR01590,C5,1333,1334,SOFT,5
TR01591,C6,1335,1336,SOFT,1
TR01592,C7,1338,1339,SOFT,1
TR01593,C8,1342,1343,HARD,10
TR01594,C9,1248,1250,SOFT,3
TR01595,C10,1251,1253,SOFT,1
TR01596,C1,1328,1329,SOFT,7
TR01597,C2,1331,1333,SOFT,5
TR01598,C3,1334,1335,HARD,10
TR01599,C4,1337,1338,SOFT,5
TR01600,C5,1340,1341,SOFT,1
TR01601,C6,1342,1344,SOFT,1
TR01602,C7,1250,1251,SOFT,5
TR01603,C8,1254,1256,HARD,10
TR01604,C9,1256,1257,SOFT,5
TR01605,C10,1260,1261,SOFT,7
TR01606,C1,1336,1337,SOFT,3
TR01607,C2,1340,1342,SOFT,1
TR01608,C3,1342,1344,HARD,10
TR01609,C4,1249,1251,SOFT,1
TR01610,C5,1252,1254,SOFT,3
TR01611,C1,1344,1346,SOFT,7
TR01612,C2,1348,1350,HARD,10
TR01613,C3,1350,1351,SOFT,1
TR01614,C4,1353,1354,SOFT,1
TR01615,C5,1356,1358,SOFT,3
TR01616,C6,1359,1361,SOFT,5
TR01617,C7,1363,1364,HARD,10
TR01618,C8,1366,1367,SOFT,3
TR01619,C9,1368,1370,SOFT,5
TR01620,C10,1371,1372,SOFT,1
TR01621,C1,1352,1354,SOFT,1
TR01622,C2,1356,1357,HARD,10
TR01623,C3,1358,1359,SOFT,1
TR01624,C4,1362,1364,SOFT,1
TR01625,C5,1364,1365,SOFT,5
TR01626,C6,1367,1368,SOFT,5
TR01627,C7,1371,1373,HARD,10
TR01628,C8,1373,1374,SOFT,5
TR01629,C9,1377,1379,SOFT,7
TR01630,C10,1379,1380,SOFT,5
TR01631,C1,1360,1362,SOFT,3
TR01632,C2,1363,1364,HARD,10
TR01633,C3,1366,1367,SOFT,7
TR01634,C4,1370,1371,SOFT,7
TR01635,C5,1372,1374,SOFT,3
TR01636,C6,1376,1377,SOFT,7
TR01637,C7,1378,1379,HARD,10
TR01638,C8,1381,1383,SOFT,5
TR01639,C9,1384,1385,SOFT,3
TR01640,C10,1388,1389,SOFT,7
TR01641,C1,1368,1369,SOFT,1
TR01642,C2,1371,1372,HARD,10
TR01643,C3,1374,1375,SOFT,3
TR01644,C4,1378,1380,SOFT,1
TR01645,C5,1380,1382,SOFT,5
TR01646,C6,1384,1385,SOFT,1
TR01647,C7,1387,1389,HARD,10
TR01648,C8,1389,1391,SOFT,7
TR01649,C9,1392,1394,SOFT,3
TR01650,C10,1396,1397,SOFT,5
TR01651,C1,1376,1378,SOFT,7
TR01652,C2,1379,1380,HARD,10
TR01653,C3,1383,1385,SOFT,1
TR01654,C4,1386,1387,SOFT,7
TR01655,C5,1388,1389,SOFT,1
TR01656,C6,1391,1393,SOFT,1
TR01657,C7,1394,1395,HARD,10
TR01658,C8,1397,1398,SOFT,7
TR01659,C9,1400,1402,SOFT,1
TR01660,C10,1403,1404,SOFT,7
TR01661,C1,1384,1386,SOFT,7
TR01662,C2,1387,1388,HARD,10
TR01663,C3,1391,1393,SOFT,1
TR01664,C4,1393,1395,SOFT,3
TR01665,C5,1397,1398,SOFT,7
TR01666,C6,1399,1401,SOFT,7
TR01667,C7,1403,1405,HARD,10
TR01668,C8,1406,1408,SOFT,1
TR01669,C9,1408,1410,SOFT,7
TR01670,C10,1411,1412,SOFT,5
TR01671,C1,1393,1394,SOFT,7
TR01672,C2,1395,1397,HARD,10
TR01673,C3,1398,1400,SOFT,3
TR01674,C4,1401,1402,SOFT,3
TR01675,C5,1404,1406,SOFT,5
TR01676,C6,1408,1410,SOFT,1
TR01677,C7,1410,1411,HARD,10
TR01678,C8,1413,1415,SOFT,5
TR01679,C9,1416,1418,SOFT,1
TR01680,C10,1420,1422,SOFT,3
TR01681,C1,1401,1402,SOFT,5
TR01682,C2,1404,1405,HARD,10
TR01683,C3,1406,1408,SOFT,3
TR01684,C4,1410,1412,SOFT,3
TR01685,C5,1412,1413,SOFT,1
TR01686,C6,1416,1418,SOFT,7
TR01687,C7,1419,1420,HARD,10
TR01688,C8,1421,1423,SOFT,3
TR01689,C9,1424,1426,SOFT,7
TR01690,C10,1428,1429,SOFT,3
TR01691,C1,1408,1410,SOFT,1
TR01692,C2,1411,1412,HARD,10
TR01693,C3,1414,1415,SOFT,3
TR01694,C4,1417,1418,SOFT,1
TR01695,C5,1420,1421,SOFT,1
TR01696,C6,1423,1424,SOFT,5
TR01697,C7,1427,1428,HARD,10
TR01698,C8,1430,1431,SOFT,1
TR01699,C9,1433,1434,SOFT,3
TR01700,C10,1435,1437,SOFT,3
TR01701,C1,1417,1418,SOFT,5
TR01702,C2,1419,1421,HARD,10
TR01703,C3,1422,1423,SOFT,3
TR01704,C4,1425,1427,SOFT,1
TR01705,C5,1428,1429,SOFT,1
TR01706,C6,1431,1432,SOFT,7
TR01707,C7,1434,1435,HARD,10
TR01708,C8,1438,1440,SOFT,3
TR01709,C9,1344,1346,SOFT,1
TR01710,C10,1347,1348,SOFT,7
TR01711,C1,1425,1426,SOFT,3
TR01712,C2,1428,1430,HARD,10
TR01713,C3,1430,1432,SOFT,1
TR01714,C4,1433,1434,SOFT,1
TR01715,C5,1437,1438,SOFT,7
TR01716,C6,1438,1439,SOFT,7
TR01717,C7,1346,1347,HARD,10
TR01718,C8,1350,1351,SOFT,1
TR01719,C9,1352,1354,SOFT,1
TR01720,C10,1355,1357,SOFT,7
TR01721,C1,1432,1433,SOFT,7
TR01722,C2,1435,1436,HARD,10
TR01723,C3,1438,1439,SOFT,1
TR01724,C4,1346,1348,SOFT,5
TR01725,C5,1349,1351,SOFT,3
TR01726,C1,1440,1442,HARD,10
TR01727,C2,1443,1445,SOFT,5
TR01728,C3,1447,1449,SOFT,1
TR01729,C4,1449,1451,SOFT,7
TR01730,C5,1453,1454,SOFT,1
TR01731,C6,1455,1457,HARD,10
TR01732,C7,1458,1460,SOFT,3
TR01733,C8,1461,1463,SOFT,5
TR01734,C9,1464,1465,SOFT,5
TR01735,C10,1468,1469,SOFT,3
TR01736,C1,1448,1450,HARD,10
TR01737,C2,1451,1452,SOFT,7
TR01738,C3,1455,1456,SOFT,5
TR01739,C4,1457,1458,SOFT,7
TR01740,C5,1460,1462,SOFT,3
TR01741,C6,1463,1464,HARD,10
TR01742,C7,1467,1468,SOFT,7
TR01743,C8,1469,1470,SOFT,1
TR01744,C9,1472,1474,SOFT,3
TR01745,C10,1475,1477,SOFT,7
TR01746,C1,1456,1457,HARD,10
TR01747,C2,1460,1461,SOFT,1
TR01748,C3,1462,1463,SOFT,1
TR01749,C4,1466,1467,SOFT,7
TR01750,C5,1469,1470,SOFT,1
TR01751,C6,1471,1472,HARD,10
TR01752,C7,1475,1477,SOFT,1
TR01753,C8,1477,1479,SOFT,5
TR01754,C9,1480,1481,SOFT,7
TR01755,C10,1484,1485,SOFT,7
TR01756,C1,1465,1466,HARD,10
TR01757,C2,1468,1469,SOFT,1
TR01758,C3,1470,1472,SOFT,1
TR01759,C4,1473,1475,SOFT,7
TR01760,C5,1476,1478,SOFT,5
TR01761,C6,1479,1480,HARD,10
TR01762,C7,1482,1483,SOFT,7
TR01763,C8,1485,1487,SOFT,3
TR01764,C9,1488,1490,SOFT,1
TR01765,C10,1492,1493,SOFT,1
TR01766,C1,1472,1474,HARD,10
TR01767,C2,1475,1477,SOFT,7
TR01768,C3,1479,1480,SOFT,5
TR01769,C4,1482,1484,SOFT,1
TR01770,C5,1484,1485,SOFT,7
TR01771,C6,1487,1488,HARD,10
TR01772,C7,1490,1491,SOFT,3
TR01773,C8,1493,1495,SOFT,7
TR01774,C9,1497,1498,SOFT,1
TR01775,C10,1499,1501,SOFT,1
TR01776,C1,1480,1481,HARD,10
TR01777,C2,1484,1485,SOFT,1
TR01778,C3,1486,1488,SOFT,3
TR01779,C4,1489,1491,SOFT,1
TR01780,C5,1492,1493,SOFT,3
TR01781,C6,1495,1497,HARD,10
TR01782,C7,1498,1500,SOFT,5
TR01783,C8,1502,1504,SOFT,3
TR01784,C9,1504,1505,SOFT,1
TR01785,C10,1507,1509,SOFT,7
TR01786,C1,1488,1489,HARD,10
TR01787,C2,1492,1494,SOFT,5
TR01788,C3,1494,1495,SOFT,5
TR01789,C4,1497,1498,SOFT,1
TR01790,C5,1500,1502,SOFT,1
TR01791,C6,1504,1506,HARD,10
TR01792,C7,1506,1507,SOFT,1
TR01793,C8,1509,1511,SOFT,7
TR01794,C9,1512,1513,SOFT,3
TR01795,C10,1515,1516,SOFT,7
TR01796,C1,1496,1497,HARD,10
TR01797,C2,1500,1502,SOFT,7
TR01798,C3,1503,1504,SOFT,7
TR01799,C4,1505,1506,SOFT,7
TR01800,C5,1508,1509,SOFT,3
TR01801,C6,1511,1513,HARD,10
TR01802,C7,1515,1517,SOFT,1
TR01803,C8,1517,1518,SOFT,7
TR01804,C9,1520,1522,SOFT,1
TR01805,C10,1524,1525,SOFT,7
TR01806,C1,1504,1506,HARD,10
TR01807,C2,1507,1509,SOFT,1
TR01808,C3,1510,1511,SOFT,3
TR01809,C4,1514,1516,SOFT,3
TR01810,C5,1516,1517,SOFT,3
TR01811,C6,1519,1521,HARD,10
TR01812,C7,1522,1523,SOFT,7
TR01813,C8,1526,1527,SOFT,1
TR01814,C9,1528,1529,SOFT,7
TR01815,C10,1531,1532,SOFT,1
TR01816,C1,1512,1513,HARD,10
TR01817,C2,1515,1517,SOFT,3
TR01818,C3,1518,1520,SOFT,1
TR01819,C4,1521,1522,SOFT,7
TR01820,C5,1524,1525,SOFT,1
TR01821,C6,1527,1529,HARD,10
TR01822,C7,1531,1532,SOFT,7
TR01823,C8,1533,1535,SOFT,7
TR01824,C9,1440,1441,SOFT,5
TR01825,C10,1443,1445,SOFT,7
TR01826,C1,1520,1522,HARD,10
TR01827,C2,1523,1524,SOFT,5
TR01828,C3,1526,1527,SOFT,5
TR01829,C4,1529,1531,SOFT,5
TR01830,C5,1532,1533,SOFT,7
TR01831,C6,1534,1536,HARD,10
TR01832,C7,1442,1443,SOFT,5
TR01833,C8,1445,1447,SOFT,3
TR01834,C9,1448,1450,SOFT,7
TR01835,C10,1451,1453,SOFT,1
TR01836,C1,1528,1529,HARD,10
TR01837,C2,1531,1533,SOFT,5
TR01838,C3,1534,1536,SOFT,7
TR01839,C4,1441,1442,SOFT,1
TR01840,C5,1444,1446,SOFT,3
TR01841,C1,1537,1539,SOFT,1
TR01842,C2,1540,1542,SOFT,7
TR01843,C3,1542,1543,SOFT,7
TR01844,C4,1545,1547,SOFT,1
TR01845,C5,1548,1549,HARD,10
TR01846,C6,1551,1552,SOFT,3
TR01847,C7,1554,1556,SOFT,1
TR01848,C8,1557,1558,SOFT,3
TR01849,C9,1560,1561,SOFT,1
TR01850,C10,1563,1565,HARD,10
TR01851,C1,1544,1546,SOFT,3
TR01852,C2,1548,1550,SOFT,1
TR01853,C3,1550,1551,SOFT,7
TR01854,C4,1553,1555,SOFT,7
TR01855,C5,1556,1558,HARD,10
TR01856,C6,1559,1561,SOFT,3
TR01857,C7,1563,1564,SOFT,3
TR01858,C8,1565,1567,SOFT,1
TR01859,C9,1569,1570,SOFT,5
TR01860,C10,1571,1572,HARD,10
TR01861,C1,1552,1553,SOFT,5
TR01862,C2,1556,1557,SOFT,5
TR01863,C3,1559,1560,SOFT,3
TR01864,C4,1561,1562,SOFT,1
TR01865,C5,1564,1565,HARD,10
TR01866,C6,1568,1570,SOFT,7
TR01867,C7,1571,1573,SOFT,3
TR01868,C8,1573,1574,SOFT,3
TR01869,C9,1576,1578,SOFT,1
TR01870,C10,1579,1580,HARD,10
TR01871,C1,1560,1562,SOFT,1
TR01872,C2,1563,1565,SOFT,5
TR01873,C3,1566,1567,SOFT,1
TR01874,C4,1569,1571,SOFT,5
TR01875,C5,1572,1574,HARD,10
TR01876,C6,1575,1576,SOFT,7
TR01877,C7,1578,1580,SOFT,7
TR01878,C8,1581,1582,SOFT,1
TR01879,C9,1585,1587,SOFT,1
TR01880,C10,1587,1589,HARD,10
TR01881,C1,1568,1569,SOFT,3
TR01882,C2,1572,1573,SOFT,5
TR01883,C3,1574,1575,SOFT,5
TR01884,C4,1577,1578,SOFT,3
TR01885,C5,1580,1582,HARD,10
TR01886,C6,1584,1586,SOFT,1
TR01887,C7,1586,1588,SOFT,5
TR01888,C8,1589,1590,SOFT,3
TR01889,C9,1592,1593,SOFT,1
TR01890,C10,1595,1596,HARD,10
TR01891,C1,1576,1578,SOFT,7
TR01892,C2,1580,1582,SOFT,1
TR01893,C3,1582,1584,SOFT,7
TR01894,C4,1586,1588,SOFT,7
TR01895,C5,1588,1590,HARD,10
TR01896,C6,1591,1593,SOFT,1
TR01897,C7,1594,1595,SOFT,7
TR01898,C8,1597,1599,SOFT,7
TR01899,C9,1601,1602,SOFT,7
TR01900,C10,1603,1605,HARD,10
TR01901,C1,1584,1585,SOFT,3
TR01902,C2,1587,1589,SOFT,3
TR01903,C3,1590,1592,SOFT,5
TR01904,C4,1593,1594,SOFT,7
TR01905,C5,1596,1597,HARD,10
TR01906,C6,1600,1601,SOFT,3
TR01907,C7,1602,1603,SOFT,7
TR01908,C8,1605,1606,SOFT,5
TR01909,C9,1609,1611,SOFT,7
TR01910,C10,1611,1613,HARD,10
TR01911,C1,1592,1594,SOFT,1
TR01912,C2,1595,1597,SOFT,7
TR01913,C3,1598,1600,SOFT,7
TR01914,C4,1601,1603,SOFT,3
TR01915,C5,1605,1607,HARD,10
TR01916,C6,1607,1609,SOFT,3
TR01917,C7,1610,1611,SOFT,5
TR01918,C8,1613,1614,SOFT,3
TR01919,C9,1616,1618,SOFT,7
TR01920,C10,1619,1620,HARD,10
TR01921,C1,1600,1601,SOFT,7
TR01922,C2,1603,1605,SOFT,3
TR01923,C3,1606,1607,SOFT,7
TR01924,C4,1609,1610,SOFT,1
TR01925,C5,1612,1613,HARD,10
TR01926,C6,1616,1618,SOFT,1
TR01927,C7,1618,1619,SOFT,3
TR01928,C8,1621,1622,SOFT,3
TR01929,C9,1624,1626,SOFT,7
TR01930,C10,1627,1629,HARD,10
TR01931,C1,1608,1610,SOFT,3
TR01932,C2,1612,1613,SOFT,5
TR01933,C3,1615,1616,SOFT,7
TR01934,C4,1617,1619,SOFT,7
TR01935,C5,1620,1622,HARD,10
TR01936,C6,1623,1625,SOFT,5
TR01937,C7,1626,1628,SOFT,3
TR01938,C8,1630,1632,SOFT,7
TR01939,C9,1537,1538,SOFT,3
TR01940,C10,1539,1541,HARD,10
TR01941,C1,1616,1618,SOFT,5
TR01942,C2,1619,1621,SOFT,3
TR01943,C3,1622,1623,SOFT,7
TR01944,C4,1625,1627,SOFT,1
TR01945,C5,1629,1631,HARD,10
TR01946,C6,1630,1631,SOFT,3
TR01947,C7,1539,1541,SOFT,3
TR01948,C8,1541,1542,SOFT,1
TR01949,C9,1544,1545,SOFT,5
TR01950,C10,1548,1550,HARD,10
TR01951,C1,1625,1626,SOFT,1
TR01952,C2,1627,1628,SOFT,3
TR01953,C3,1630,1632,SOFT,3
TR01954,C4,1538,1539,SOFT,5
TR01955,C5,1540,1542,HARD,10
TR01956,C1,1632,1634,SOFT,7
TR01957,C2,1635,1636,SOFT,1
TR01958,C3,1638,1639,SOFT,3
TR01959,C4,1641,1643,HARD,10
TR01960,C5,1644,1646,SOFT,7
TR01961,C6,1647,1648,SOFT,3
TR01962,C7,1651,1653,SOFT,1
TR01963,C8,1653,1655,SOFT,7
TR01964,C9,1656,1657,HARD,10
TR01965,C10,1660,1662,SOFT,7
TR01966,C1,1640,1642,SOFT,1
TR01967,C2,1643,1645,SOFT,3
TR01968,C3,1646,1647,SOFT,1
TR01969,C4,1649,1651,HARD,10
TR01970,C5,1652,1654,SOFT,7
TR01971,C6,1655,1656,SOFT,1
TR01972,C7,1658,1660,SOFT,3
TR01973,C8,1662,1664,SOFT,1
TR01974,C9,1664,1665,HARD,10
TR01975,C10,1667,1669,SOFT,7
TR01976,C1,1648,1650,SOFT,3
TR01977,C2,1651,1653,SOFT,1
TR01978,C3,1655,1656,SOFT,3
TR01979,C4,1658,1660,HARD,10
TR01980,C5,1661,1663,SOFT,5
TR01981,C6,1664,1665,SOFT,1
TR01982,C7,1666,1667,SOFT,3
TR01983,C8,1669,1670,SOFT,5
TR01984,C9,1672,1674,HARD,10
TR01985,C10,1675,1676,SOFT,7
TR01986,C1,1656,1658,SOFT,7
TR01987,C2,1659,1660,SOFT,1
TR01988,C3,1662,1663,SOFT,7
TR01989,C4,1665,1666,HARD,10
TR01990,C5,1668,1670,SOFT,3
TR01991,C6,1671,1672,SOFT,5
TR01992,C7,1674,1675,SOFT,5
TR01993,C8,1677,1678,SOFT,3
TR01994,C9,1680,1681,HARD,10
TR01995,C10,1683,1685,SOFT,3
TR01996,C1,1664,1665,SOFT,5
TR01997,C2,1667,1668,SOFT,7
TR01998,C3,1670,1671,SOFT,5
TR01999,C4,1673,1675,HARD,10
TR02000,C5,1676,1678,SOFT,7
TR02001,C6,1680,1682,SOFT,5
TR02002,C7,1682,1683,SOFT,3
TR02003,C8,1685,1686,SOFT,5
TR02004,C9,1688,1690,HARD,10
TR02005,C10,1691,1693,SOFT,7
TR02006,C1,1672,1674,SOFT,3
TR02007,C2,1675,1676,SOFT,3
TR02008,C3,1679,1681,SOFT,7
TR02009,C4,1681,1682,HARD,10
TR02010,C5,1685,1686,SOFT,5
TR02011,C6,1687,1689,SOFT,7
TR02012,C7,1691,1693,SOFT,7
TR02013,C8,1693,1695,SOFT,1
TR02014,C9,1696,1697,HARD,10
TR02015,C10,1699,1700,SOFT,5
TR02016,C1,1681,1683,SOFT,1
TR02017,C2,1683,1684,SOFT,5
TR02018,C3,1686,1688,SOFT,1
TR02019,C4,1690,1692,HARD,10
TR02020,C5,1693,1695,SOFT,5
TR02021,C6,1696,1697,SOFT,5
TR02022,C7,1698,1700,SOFT,1
TR02023,C8,1701,1703,SOFT,7
TR02024,C9,1704,1706,HARD,10
TR02025,C10,1708,1709,SOFT,5
TR02026,C1,1689,1691,SOFT,5
TR02027,C2,1692,1694,SOFT,5
TR02028,C3,1695,1697,SOFT,7
TR02029,C4,1698,1699,HARD,10
TR02030,C5,1701,1703,SOFT,5
TR02031,C6,1704,1706,SOFT,5
TR02032,C7,1706,1708,SOFT,1
TR02033,C8,1710,1711,SOFT,3
TR02034,C9,1712,1714,HARD,10
TR02035,C10,1716,1717,SOFT,1
TR02036,C1,1696,1698,SOFT,3
TR02037,C2,1700,1702,SOFT,5
TR02038,C3,1702,1703,SOFT,3
TR02039,C4,1705,1706,HARD,10
TR02040,C5,1708,1710,SOFT,3
TR02041,C6,1711,1713,SOFT,5
TR02042,C7,1715,1717,SOFT,7
TR02043,C8,1717,1719,SOFT,7
TR02044,C9,1720,1721,HARD,10
TR02045,C10,1723,1725,SOFT,5
TR02046,C1,1704,1706,SOFT,3
TR02047,C2,1707,1709,SOFT,7
TR02048,C3,1710,1712,SOFT,1
TR02049,C4,1713,1714,HARD,10
TR02050,C5,1717,1718,SOFT,5
TR02051,C6,1719,1721,SOFT,7
TR02052,C7,1722,1723,SOFT,7
TR02053,C8,1725,1727,SOFT,5
TR02054,C9,1632,1633,HARD,10
TR02055,C10,1635,1637,SOFT,7
TR02056,C1,1712,1714,SOFT,1
TR02057,C2,1716,1718,SOFT,5
TR02058,C3,1718,1719,SOFT,3
TR02059,C4,1721,1722,HARD,10
TR02060,C5,1724,1726,SOFT,1
TR02061,C6,1726,1727,SOFT,7
TR02062,C7,1635,1637,SOFT,1
TR02063,C8,1637,1639,SOFT,1
TR02064,C9,1640,1642,HARD,10
TR02065,C10,1644,1646,SOFT,7
TR02066,C1,1720,1722,SOFT,1
TR02067,C2,1723,1724,SOFT,3
TR02068,C3,1726,1727,SOFT,1
TR02069,C4,1633,1634,HARD,10
TR02070,C5,1636,1638,SOFT,1
TR02071,C1,1728,1729,SOFT,5
TR02072,C2,1731,1732,SOFT,3
TR02073,C3,1734,1735,HARD,10
TR02074,C4,1737,1738,SOFT,3
TR02075,C5,1740,1742,SOFT,5
TR02076,C6,1744,1745,SOFT,5
TR02077,C7,1746,1747,SOFT,7
TR02078,C8,1749,1751,HARD,10
TR02079,C9,1752,1753,SOFT,1
TR02080,C10,1756,1758,SOFT,3
TR02081,C1,1736,1738,SOFT,3
TR02082,C2,1739,1741,SOFT,1
TR02083,C3,1742,1744,HARD,10
TR02084,C4,1746,1747,SOFT,7
TR02085,C5,1749,1751,SOFT,5
TR02086,C6,1751,1752,SOFT,5
TR02087,C7,1754,1756,SOFT,5
TR02088,C8,1757,1759,HARD,10
TR02089,C9,1761,1763,SOFT,7
TR02090,C10,1764,1766,SOFT,5
TR02091,C1,1744,1746,SOFT,7
TR02092,C2,1747,1748,SOFT,5
TR02093,C3,1750,1751,HARD,10
TR02094,C4,1753,1754,SOFT,7
TR02095,C5,1757,1758,SOFT,3
TR02096,C6,1759,1760,SOFT,3
TR02097,C7,1762,1763,SOFT,7
TR02098,C8,1765,1767,HARD,10
TR02099,C9,1768,1769,SOFT,5
TR02100,C10,1771,1773,SOFT,7
TR02101,C1,1752,1754,SOFT,3
TR02102,C2,1755,1757,SOFT,5
TR02103,C3,1758,1760,HARD,10
TR02104,C4,1761,1762,SOFT,7
TR02105,C5,1765,1766,SOFT,1
TR02106,C6,1767,1769,SOFT,7
TR02107,C7,1770,1772,SOFT,7
TR02108,C8,1774,1775,HARD,10
TR02109,C9,1776,1777,SOFT,7
TR02110,C10,1779,1780,SOFT,5
TR02111,C1,1760,1762,SOFT,7
TR02112,C2,1764,1765,SOFT,7
TR02113,C3,1766,1767,HARD,10
TR02114,C4,1770,1771,SOFT,7
TR02115,C5,1773,1775,SOFT,7
TR02116,C6,1775,1776,SOFT,5
TR02117,C7,1778,1780,SOFT,3
TR02118,C8,1782,1783,HARD,10
TR02119,C9,1785,1787,SOFT,5
TR02120,C10,1787,1789,SOFT,1
TR02121,C1,1769,1770,SOFT,7
TR02122,C2,1771,1773,SOFT,7
TR02123,C3,1774,1775,HARD,10
TR02124,C4,1777,1779,SOFT,5
TR02125,C5,1780,1782,SOFT,1
TR02126,C6,1783,1785,SOFT,3
TR02127,C7,1786,1787,SOFT,5
TR02128,C8,1789,1791,HARD,10
TR02129,C9,1792,1794,SOFT,7
TR02130,C10,1796,1797,SOFT,5
TR02131,C1,1777,1779,SOFT,7
TR02132,C2,1779,1781,SOFT,3
TR02133,C3,1782,1784,HARD,10
TR02134,C4,1785,1786,SOFT,3
TR02135,C5,1788,1790,SOFT,1
TR02136,C6,1791,1792,SOFT,7
TR02137,C7,1794,1796,SOFT,5
TR02138,C8,1797,1798,HARD,10
TR02139,C9,1800,1802,SOFT,7
TR02140,C10,1803,1805,SOFT,3
TR02141,C1,1785,1787,SOFT,3
TR02142,C2,1787,1788,SOFT,5
TR02143,C3,1790,1791,HARD,10
TR02144,C4,1793,1795,SOFT,5
TR02145,C5,1796,1797,SOFT,7
TR02146,C6,1800,1801,SOFT,3
TR02147,C7,1802,1803,SOFT,1
TR02148,C8,1806,1808,HARD,10
TR02149,C9,1808,1809,SOFT,7
TR02150,C10,1811,1813,SOFT,3
TR02151,C1,1792,1794,SOFT,3
TR02152,C2,1795,1796,SOFT,5
TR02153,C3,1798,1800,HARD,10
TR02154,C4,1801,1802,SOFT,5
TR02155,C5,1804,1806,SOFT,1
TR02156,C6,1808,1810,SOFT,5
TR02157,C7,1810,1811,SOFT,5
TR02158,C8,1814,1815,HARD,10
TR02159,C9,1817,1819,SOFT,1
TR02160,C10,1820,1822,SOFT,3
TR02161,C1,1800,1802,SOFT,7
TR02162,C2,1804,1806,SOFT,1
TR02163,C3,1806,1808,HARD,10
TR02164,C4,1809,1810,SOFT,5
TR02165,C5,1812,1814,SOFT,5
TR02166,C6,1816,1817,SOFT,3
TR02167,C7,1818,1819,SOFT,1
TR02168,C8,1821,1823,HARD,10
TR02169,C9,1728,1730,SOFT,1
TR02170,C10,1731,1733,SOFT,5
TR02171,C1,1809,1811,SOFT,7
TR02172,C2,1811,1813,SOFT,7
TR02173,C3,1815,1817,HARD,10
TR02174,C4,1818,1819,SOFT,7
TR02175,C5,1820,1821,SOFT,5
TR02176,C6,1822,1824,SOFT,5
TR02177,C7,1731,1733,SOFT,1
TR02178,C8,1734,1735,HARD,10
TR02179,C9,1737,1739,SOFT,7
TR02180,C10,1739,1740,SOFT,5
TR02181,C1,1817,1819,SOFT,5
TR02182,C2,1819,1821,SOFT,3
TR02183,C3,1822,1823,HARD,10
TR02184,C4,1729,1731,SOFT,5
TR02185,C5,1732,1733,SOFT,3
TR02186,C1,1825,1826,SOFT,7
TR02187,C2,1827,1829,HARD,10
TR02188,C3,1830,1832,SOFT,5
TR02189,C4,1833,1835,SOFT,3
TR02190,C5,1836,1838,SOFT,5
TR02191,C6,1839,1841,SOFT,5
TR02192,C7,1843,1844,HARD,10
TR02193,C8,1845,1847,SOFT,5
TR02194,C9,1848,1850,SOFT,5
TR02195,C10,1851,1853,SOFT,7
TR02196,C1,1832,1834,SOFT,7
TR02197,C2,1835,1837,HARD,10
TR02198,C3,1839,1840,SOFT,3
TR02199,C4,1842,1843,SOFT,1
TR02200,C5,1844,1846,SOFT,7
TR02201,C6,1848,1849,SOFT,7
TR02202,C7,1851,1852,HARD,10
TR02203,C8,1854,1856,SOFT,5
TR02204,C9,1856,1858,SOFT,5
TR02205,C10,1859,1861,SOFT,7
TR02206,C1,1840,1841,SOFT,5
TR02207,C2,1843,1845,HARD,10
TR02208,C3,1846,1848,SOFT,1
TR02209,C4,1849,1850,SOFT,1
TR02210,C5,1853,1855,SOFT,1
TR02211,C6,1855,1857,SOFT,1
TR02212,C7,1858,1860,HARD,10
TR02213,C8,1862,1863,SOFT,1
TR02214,C9,1864,1866,SOFT,1
TR02215,C10,1867,1869,SOFT,1
TR02216,C1,1849,1851,SOFT,1
TR02217,C2,1852,1854,HARD,10
TR02218,C3,1854,1855,SOFT,1
TR02219,C4,1857,1859,SOFT,1
TR02220,C5,1861,1862,SOFT,3
TR02221,C6,1863,1864,SOFT,7
TR02222,C7,1866,1868,HARD,10
TR02223,C8,1869,1871,SOFT,7
TR02224,C9,1872,1874,SOFT,1
TR02225,C10,1875,1877,SOFT,7
TR02226,C1,1857,1859,SOFT,7
TR02227,C2,1860,1862,HARD,10
TR02228,C3,1862,1864,SOFT,5
TR02229,C4,1866,1867,SOFT,1
TR02230,C5,1869,1871,SOFT,1
TR02231,C6,1871,1873,SOFT,3
TR02232,C7,1875,1876,HARD,10
TR02233,C8,1877,1879,SOFT,7
TR02234,C9,1880,1881,SOFT,7
TR02235,C10,1883,1884,SOFT,1
TR02236,C1,1864,1866,SOFT,3
TR02237,C2,1867,1868,HARD,10
TR02238,C3,1871,1872,SOFT,7
TR02239,C4,1874,1876,SOFT,7
TR02240,C5,1876,1877,SOFT,3
TR02241,C6,1879,1880,SOFT,5
TR02242,C7,1882,1884,HARD,10
TR02243,C8,1885,1887,SOFT,7
TR02244,C9,1888,1889,SOFT,5
TR02245,C10,1892,1893,SOFT,3
TR02246,C1,1873,1874,SOFT,1
TR02247,C2,1876,1877,HARD,10
TR02248,C3,1879,1880,SOFT,5
TR02249,C4,1882,1884,SOFT,3
TR02250,C5,1884,1886,SOFT,1
TR02251,C6,1887,1889,SOFT,7
TR02252,C7,1891,1893,HARD,10
TR02253,C8,1893,1894,SOFT,1
TR02254,C9,1896,1897,SOFT,5
TR02255,C10,1900,1901,SOFT,7
TR02256,C1,1880,1881,SOFT,7
TR02257,C2,1884,1885,HARD,10
TR02258,C3,1886,1887,SOFT,3
TR02259,C4,1889,1890,SOFT,7
TR02260,C5,1893,1894,SOFT,7
TR02261,C6,1896,1897,SOFT,3
TR02262,C7,1898,1900,HARD,10
TR02263,C8,1902,1904,SOFT,1
TR02264,C9,1905,1907,SOFT,3
TR02265,C10,1907,1909,SOFT,7
TR02266,C1,1888,1890,SOFT,5
TR02267,C2,1891,1892,HARD,10
TR02268,C3,1894,1896,SOFT,3
TR02269,C4,1898,1900,SOFT,5
TR02270,C5,1901,1903,SOFT,5
TR02271,C6,1903,1904,SOFT,5
TR02272,C7,1907,1908,HARD,10
TR02273,C8,1909,1911,SOFT,5
TR02274,C9,1912,1913,SOFT,1
TR02275,C10,1915,1917,SOFT,5
TR02276,C1,1897,1898,SOFT,1
TR02277,C2,1900,1902,HARD,10
TR02278,C3,1902,1903,SOFT,3
TR02279,C4,1906,1908,SOFT,7
TR02280,C5,1908,1909,SOFT,5
TR02281,C6,1911,1913,SOFT,3
TR02282,C7,1914,1915,HARD,10
TR02283,C8,1918,1919,SOFT,1
TR02284,C9,1824,1826,SOFT,7
TR02285,C10,1828,1830,SOFT,5
TR02286,C1,1904,1906,SOFT,5
TR02287,C2,1907,1909,HARD,10
TR02288,C3,1910,1911,SOFT,3
TR02289,C4,1914,1915,SOFT,7
TR02290,C5,1917,1919,SOFT,3
TR02291,C6,1918,1920,SOFT,1
TR02292,C7,1826,1828,HARD,10
TR02293,C8,1829,1830,SOFT,7
TR02294,C9,1832,1834,SOFT,3
TR02295,C10,1836,1838,SOFT,7
TR02296,C1,1912,1913,SOFT,7
TR02297,C2,1915,1917,HARD,10
TR02298,C3,1918,1919,SOFT,5
TR02299,C4,1826,1828,SOFT,3
TR02300,C5,1828,1830,SOFT,3
TR02301,C1,1920,1922,HARD,10
TR02302,C2,1924,1926,SOFT,1
TR02303,C3,1926,1928,SOFT,5
TR02304,C4,1929,1931,SOFT,3
TR02305,C5,1932,1934,SOFT,1
TR02306,C6,1936,1937,HARD,10
TR02307,C7,1938,1940,SOFT,3
TR02308,C8,1941,1943,SOFT,1
TR02309,C9,1944,1945,SOFT,3
TR02310,C10,1948,1949,SOFT,1
TR02311,C1,1929,1930,HARD,10
TR02312,C2,1932,1933,SOFT,7
TR02313,C3,1935,1936,SOFT,5
TR02314,C4,1937,1939,SOFT,3
TR02315,C5,1941,1942,SOFT,3
TR02316,C6,1944,1946,HARD,10
TR02317,C7,1947,1948,SOFT,1
TR02318,C8,1950,1952,SOFT,5
TR02319,C9,1953,1954,SOFT,7
TR02320,C10,1955,1957,SOFT,3
TR02321,C1,1936,1937,HARD,10
TR02322,C2,1939,1941,SOFT,5
TR02323,C3,1943,1945,SOFT,1
TR02324,C4,1946,1948,SOFT,5
TR02325,C5,1949,1950,SOFT,7
TR02326,C6,1952,1954,HARD,10
TR02327,C7,1954,1955,SOFT,1
TR02328,C8,1958,1960,SOFT,5
TR02329,C9,1960,1962,SOFT,3
TR02330,C10,1963,1965,SOFT,7
TR02331,C1,1944,1946,HARD,10
TR02332,C2,1948,1950,SOFT,5
TR02333,C3,1950,1952,SOFT,5
TR02334,C4,1953,1955,SOFT,7
TR02335,C5,1956,1958,SOFT,5
TR02336,C6,1960,1961,HARD,10
TR02337,C7,1962,1964,SOFT,3
TR02338,C8,1966,1968,SOFT,1
TR02339,C9,1968,1969,SOFT,5
TR02340,C10,1971,1973,SOFT,1
TR02341,C1,1953,1955,HARD,10
TR02342,C2,1955,1957,SOFT,1
TR02343,C3,1958,1960,SOFT,1
TR02344,C4,1962,1964,SOFT,3
TR02345,C5,1964,1966,SOFT,5
TR02346,C6,1967,1968,HARD,10
TR02347,C7,1971,1973,SOFT,7
TR02348,C8,1973,1975,SOFT,7
TR02349,C9,1976,1977,SOFT,5
TR02350,C10,1980,1982,SOFT,5
TR02351,C1,1961,1963,HARD,10
TR02352,C2,1964,1966,SOFT,1
TR02353,C3,1966,1967,SOFT,7
TR02354,C4,1969,1970,SOFT,1
TR02355,C5,1972,1974,SOFT,5
TR02356,C6,1976,1978,HARD,10
TR02357,C7,1978,1980,SOFT,3
TR02358,C8,1981,1983,SOFT,5
TR02359,C9,1984,1986,SOFT,7
TR02360,C10,1987,1988,SOFT,3
TR02361,C1,1969,1970,HARD,10
TR02362,C2,1971,1972,SOFT,5
TR02363,C3,1974,1975,SOFT,7
TR02364,C4,1978,1980,SOFT,3
TR02365,C5,1981,1983,SOFT,3
TR02366,C6,1983,1985,HARD,10
TR02367,C7,1986,1987,SOFT,5
TR02368,C8,1989,1991,SOFT,1
TR02369,C9,1992,1994,SOFT,1
TR02370,C10,1995,1997,SOFT,1
TR02371,C1,1977,1979,HARD,10
TR02372,C2,1980,1982,SOFT,5
TR02373,C3,1982,1984,SOFT,7
TR02374,C4,1986,1987,SOFT,1
TR02375,C5,1989,1991,SOFT,7
TR02376,C6,1991,1992,HARD,10
TR02377,C7,1994,1995,SOFT,5
TR02378,C8,1998,1999,SOFT,5
TR02379,C9,2001,2002,SOFT,1
TR02380,C10,2004,2006,SOFT,3
TR02381,C1,1985,1987,HARD,10
TR02382,C2,1988,1989,SOFT,1
TR02383,C3,1991,1993,SOFT,1
TR02384,C4,1994,1995,SOFT,5
TR02385,C5,1996,1997,SOFT,7
TR02386,C6,2000,2001,HARD,10
TR02387,C7,2003,2005,SOFT,1
TR02388,C8,2006,2007,SOFT,7
TR02389,C9,2008,2010,SOFT,5
TR02390,C10,2011,2012,SOFT,5
TR02391,C1,1992,1994,HARD,10
TR02392,C2,1995,1997,SOFT,1
TR02393,C3,1998,1999,SOFT,3
TR02394,C4,2001,2003,SOFT,1
TR02395,C5,2004,2005,SOFT,7
TR02396,C6,2007,2008,HARD,10
TR02397,C7,2010,2011,SOFT,7
TR02398,C8,2013,2015,SOFT,5
TR02399,C9,1920,1922,SOFT,7
TR02400,C10,1923,1924,SOFT,1
TR02401,C1,2000,2002,HARD,10
TR02402,C2,2004,2005,SOFT,7
TR02403,C3,2006,2007,SOFT,3
TR02404,C4,2009,2010,SOFT,7
TR02405,C5,2012,2013,SOFT,1
TR02406,C6,2014,2015,HARD,10
TR02407,C7,1922,1924,SOFT,1
TR02408,C8,1925,1926,SOFT,7
TR02409,C9,1928,1929,SOFT,3
TR02410,C10,1932,1934,SOFT,5
TR02411,C1,2009,2010,HARD,10
TR02412,C2,2012,2014,SOFT,1
TR02413,C3,2014,2016,SOFT,1
TR02414,C4,1921,1922,SOFT,7
TR02415,C5,1924,1926,SOFT,1
TR02416,C1,2016,2018,SOFT,5
TR02417,C2,2020,2022,SOFT,5
TR02418,C3,2022,2024,SOFT,1
TR02419,C4,2025,2026,SOFT,7
TR02420,C5,2028,2029,HARD,10
TR02421,C6,2032,2034,SOFT,5
TR02422,C7,2035,2036,SOFT,7
TR02423,C8,2037,2039,SOFT,1
TR02424,C9,2041,2042,SOFT,5
TR02425,C10,2043,2044,HARD,10
TR02426,C1,2025,2026,SOFT,3
TR02427,C2,2027,2029,SOFT,7
TR02428,C3,2030,2032,SOFT,3
TR02429,C4,2034,2035,SOFT,5
TR02430,C5,2037,2039,HARD,10
TR02431,C6,2040,2042,SOFT,3
TR02432,C7,2042,2044,SOFT,3
TR02433,C8,2046,2048,SOFT,3
TR02434,C9,2049,2051,SOFT,5
TR02435,C10,2052,2053,HARD,10
TR02436,C1,2032,2034,SOFT,1
TR02437,C2,2036,2038,SOFT,5
TR02438,C3,2039,2041,SOFT,5
TR02439,C4,2041,2042,SOFT,5
TR02440,C5,2044,2045,HARD,10
TR02441,C6,2047,2048,SOFT,7
TR02442,C7,2050,2052,SOFT,7
TR02443,C8,2053,2054,SOFT,7
TR02444,C9,2057,2059,SOFT,1
TR02445,C10,2059,2061,HARD,10
TR02446,C1,2040,2042,SOFT,1
TR02447,C2,2043,2044,SOFT,3
TR02448,C3,2047,2049,SOFT,1
TR02449,C4,2049,2051,SOFT,3
TR02450,C5,2053,2055,HARD,10
TR02451,C6,2056,2058,SOFT,7
TR02452,C7,2058,2060,SOFT,3
TR02453,C8,2061,2062,SOFT,5
TR02454,C9,2064,2065,SOFT,5
TR02455,C10,2067,2069,HARD,10
TR02456,C1,2048,2049,SOFT,7
TR02457,C2,2052,2053,SOFT,7
TR02458,C3,2055,2057,SOFT,5
TR02459,C4,2057,2059,SOFT,3
TR02460,C5,2061,2063,HARD,10
TR02461,C6,2063,2064,SOFT,3
TR02462,C7,2067,2069,SOFT,7
TR02463,C8,2070,2071,SOFT,7
TR02464,C9,2072,2073,SOFT,7
TR02465,C10,2076,2078,HARD,10
TR02466,C1,2056,2057,SOFT,1
TR02467,C2,2060,2062,SOFT,7
TR02468,C3,2062,2063,SOFT,7
TR02469,C4,2065,2067,SOFT,5
TR02470,C5,2069,2071,HARD,10
TR02471,C6,2072,2073,SOFT,7
TR02472,C7,2075,2077,SOFT,7
TR02473,C8,2077,2078,SOFT,3
TR02474,C9,2080,2081,SOFT,7
TR02475,C10,2084,2085,HARD,10
TR02476,C1,2064,2065,SOFT,1
TR02477,C2,2067,2069,SOFT,5
TR02478,C3,2071,2072,SOFT,1
TR02479,C4,2073,2074,SOFT,3
TR02480,C5,2076,2078,HARD,10
TR02481,C6,2079,2081,SOFT,5
TR02482,C7,2082,2084,SOFT,7
TR02483,C8,2086,2088,SOFT,5
TR02484,C9,2089,2090,SOFT,7
TR02485,C10,2091,2092,HARD,10
TR02486,C1,2072,2073,SOFT,7
TR02487,C2,2075,2077,SOFT,3
TR02488,C3,2079,2081,SOFT,7
TR02489,C4,2081,2082,SOFT,1
TR02490,C5,2085,2086,HARD,10
TR02491,C6,2087,2089,SOFT,1
TR02492,C7,2090,2092,SOFT,5
TR02493,C8,2093,2094,SOFT,7
TR02494,C9,2097,2098,SOFT,1
TR02495,C10,2099,2100,HARD,10
TR02496,C1,2081,2082,SOFT,1
TR02497,C2,2083,2085,SOFT,1
TR02498,C3,2086,2087,SOFT,3
TR02499,C4,2089,2091,SOFT,7
TR02500,C5,2092,2094,HARD,10
TR02501,C6,2096,2097,SOFT,3
TR02502,C7,2098,2099,SOFT,3
TR02503,C8,2101,2102,SOFT,1
TR02504,C9,2105,2106,SOFT,7
TR02505,C10,2107,2108,HARD,10
TR02506,C1,2088,2089,SOFT,7
TR02507,C2,2092,2094,SOFT,7
TR02508,C3,2094,2096,SOFT,1
TR02509,C4,2097,2099,SOFT,1
TR02510,C5,2100,2101,HARD,10
TR02511,C6,2104,2106,SOFT,5
TR02512,C7,2106,2107,SOFT,5
TR02513,C8,2109,2111,SOFT,3
TR02514,C9,2016,2017,SOFT,1
TR02515,C10,2020,2021,HARD,10
TR02516,C1,2097,2098,SOFT,5
TR02517,C2,2099,2101,SOFT,7
TR02518,C3,2102,2103,SOFT,7
TR02519,C4,2106,2108,SOFT,7
TR02520,C5,2109,2110,HARD,10
TR02521,C6,2110,2111,SOFT,1
TR02522,C7,2018,2019,SOFT,1
TR02523,C8,2021,2023,SOFT,1
TR02524,C9,2024,2026,SOFT,7
TR02525,C10,2027,2028,HARD,10
TR02526,C1,2104,2105,SOFT,1
TR02527,C2,2108,2109,SOFT,1
TR02528,C3,2110,2111,SOFT,5
TR02529,C4,2017,2018,SOFT,1
TR02530,C5,2021,2023,HARD,10
TR02531,C1,2112,2114,SOFT,5
TR02532,C2,2115,2117,SOFT,7
TR02533,C3,2119,2120,SOFT,5
TR02534,C4,2121,2122,HARD,10
TR02535,C5,2124,2125,SOFT,7
TR02536,C6,2128,2129,SOFT,1
TR02537,C7,2130,2132,SOFT,5
TR02538,C8,2133,2134,SOFT,1
TR02539,C9,2136,2137,HARD,10
TR02540,C10,2140,2142,SOFT,7
TR02541,C1,2120,2122,SOFT,5
TR02542,C2,2123,2124,SOFT,3
TR02543,C3,2126,2127,SOFT,7
TR02544,C4,2129,2131,HARD,10
TR02545,C5,2132,2134,SOFT,3
TR02546,C6,2136,2137,SOFT,1
TR02547,C7,2138,2140,SOFT,7
TR02548,C8,2141,2142,SOFT,7
TR02549,C9,2144,2145,HARD,10
TR02550,C10,2148,2150,SOFT,5
TR02551,C1,2128,2129,SOFT,3
TR02552,C2,2132,2133,SOFT,1
TR02553,C3,2134,2135,SOFT,7
TR02554,C4,2138,2139,HARD,10
TR02555,C5,2140,2141,SOFT,5
TR02556,C6,2143,2144,SOFT,5
TR02557,C7,2146,2147,SOFT,3
TR02558,C8,2149,2150,SOFT,1
TR02559,C9,2153,2155,HARD,10
TR02560,C10,2155,2157,SOFT,3
TR02561,C1,2137,2139,SOFT,3
TR02562,C2,2139,2140,SOFT,1
TR02563,C3,2142,2144,SOFT,3
TR02564,C4,2145,2146,HARD,10
TR02565,C5,2148,2149,SOFT,5
TR02566,C6,2151,2152,SOFT,5
TR02567,C7,2154,2156,SOFT,3
TR02568,C8,2158,2160,SOFT,1
TR02569,C9,2160,2162,HARD,10
TR02570,C10,2163,2164,SOFT,7
TR02571,C1,2144,2146,SOFT,1
TR02572,C2,2148,2150,SOFT,7
TR02573,C3,2151,2153,SOFT,1
TR02574,C4,2153,2154,HARD,10
TR02575,C5,2156,2158,SOFT,7
TR02576,C6,2160,2162,SOFT,7
TR02577,C7,2162,2164,SOFT,7
TR02578,C8,2166,2167,SOFT,5
TR02579,C9,2169,2170,HARD,10
TR02580,C10,2172,2174,SOFT,3
TR02581,C1,2152,2153,SOFT,7
TR02582,C2,2155,2156,SOFT,7
TR02583,C3,2158,2159,SOFT,1
TR02584,C4,2161,2163,HARD,10
TR02585,C5,2164,2166,SOFT,7
TR02586,C6,2168,2169,SOFT,1
TR02587,C7,2171,2173,SOFT,3
TR02588,C8,2173,2174,SOFT,3
TR02589,C9,2176,2177,HARD,10
TR02590,C10,2179,2181,SOFT,7
TR02591,C1,2160,2162,SOFT,3
TR02592,C2,2163,2164,SOFT,5
TR02593,C3,2167,2169,SOFT,3
TR02594,C4,2170,2171,HARD,10
TR02595,C5,2172,2174,SOFT,1
TR02596,C6,2175,2176,SOFT,3
TR02597,C7,2178,2180,SOFT,7
TR02598,C8,2181,2183,SOFT,7
TR02599,C9,2184,2185,HARD,10
TR02600,C10,2188,2190,SOFT,7
TR02601,C1,2169,2170,SOFT,1
TR02602,C2,2171,2173,SOFT,7
TR02603,C3,2174,2176,SOFT,5
TR02604,C4,2177,2178,HARD,10
TR02605,C5,2180,2181,SOFT,3
TR02606,C6,2183,2185,SOFT,3
TR02607,C7,2187,2189,SOFT,3
TR02608,C8,2189,2190,SOFT,1
TR02609,C9,2192,2193,HARD,10
TR02610,C10,2195,2197,SOFT,7
TR02611,C1,2177,2179,SOFT,1
TR02612,C2,2180,2182,SOFT,5
TR02613,C3,2182,2184,SOFT,1
TR02614,C4,2186,2187,HARD,10
TR02615,C5,2188,2190,SOFT,7
TR02616,C6,2192,2194,SOFT,1
TR02617,C7,2194,2195,SOFT,1
TR02618,C8,2198,2200,SOFT,1
TR02619,C9,2200,2201,HARD,10
TR02620,C10,2203,2205,SOFT,5
TR02621,C1,2184,2185,SOFT,1
TR02622,C2,2187,2188,SOFT,5
TR02623,C3,2190,2192,SOFT,5
TR02624,C4,2193,2195,HARD,10
TR02625,C5,2196,2197,SOFT,3
TR02626,C6,2199,2200,SOFT,3
TR02627,C7,2202,2204,SOFT,5
TR02628,C8,2206,2207,SOFT,5
TR02629,C9,2113,2114,HARD,10
TR02630,C10,2116,2117,SOFT,7
TR02631,C1,2192,2194,SOFT,5
TR02632,C2,2196,2197,SOFT,1
TR02633,C3,2198,2199,SOFT,1
TR02634,C4,2202,2203,HARD,10
TR02635,C5,2205,2207,SOFT,1
TR02636,C6,2206,2207,SOFT,3
TR02637,C7,2114,2116,SOFT,1
TR02638,C8,2117,2119,SOFT,7
TR02639,C9,2121,2123,HARD,10
TR02640,C10,2123,2125,SOFT,3
TR02641,C1,2200,2202,SOFT,1
TR02642,C2,2204,2205,SOFT,3
TR02643,C3,2206,2207,SOFT,1
TR02644,C4,2113,2115,HARD,10
TR02645,C5,2117,2119,SOFT,3
TR02646,C1,2208,2210,SOFT,7
TR02647,C2,2211,2213,SOFT,3
TR02648,C3,2214,2216,HARD,10
TR02649,C4,2217,2219,SOFT,3
TR02650,C5,2220,2222,SOFT,1
TR02651,C6,2223,2224,SOFT,7
TR02652,C7,2227,2229,SOFT,5
TR02653,C8,2229,2231,HARD,10
TR02654,C9,2232,2234,SOFT,1
TR02655,C10,2235,2237,SOFT,1
TR02656,C1,2217,2219,SOFT,7
TR02657,C2,2220,2222,SOFT,3
TR02658,C3,2222,2223,HARD,10
TR02659,C4,2225,2226,SOFT,7
TR02660,C5,2228,2230,SOFT,3
TR02661,C6,2231,2233,SOFT,7
TR02662,C7,2234,2236,SOFT,3
TR02663,C8,2238,2239,HARD,10
TR02664,C9,2241,2243,SOFT,3
TR02665,C10,2244,2246,SOFT,7
TR02666,C1,2224,2226,SOFT,7
TR02667,C2,2227,2229,SOFT,3
TR02668,C3,2230,2232,HARD,10
TR02669,C4,2233,2234,SOFT,5
TR02670,C5,2237,2239,SOFT,7
TR02671,C6,2239,2240,SOFT,1
TR02672,C7,2243,2245,SOFT,5
TR02673,C8,2246,2247,HARD,10
TR02674,C9,2248,2250,SOFT,3
TR02675,C10,2251,2253,SOFT,1
TR02676,C1,2233,2235,SOFT,3
TR02677,C2,2236,2238,SOFT,3
TR02678,C3,2238,2239,HARD,10
TR02679,C4,2241,2242,SOFT,3
TR02680,C5,2244,2245,SOFT,5
TR02681,C6,2248,2250,SOFT,7
TR02682,C7,2250,2251,SOFT,3
TR02683,C8,2254,2255,HARD,10
TR02684,C9,2256,2258,SOFT,7
TR02685,C10,2259,2260,SOFT,1
TR02686,C1,2240,2242,SOFT,3
TR02687,C2,2243,2245,SOFT,7
TR02688,C3,2246,2247,HARD,10
TR02689,C4,2250,2252,SOFT,1
TR02690,C5,2252,2253,SOFT,3
TR02691,C6,2255,2257,SOFT,3
TR02692,C7,2258,2260,SOFT,3
TR02693,C8,2261,2263,HARD,10
TR02694,C9,2264,2266,SOFT,1
TR02695,C10,2267,2269,SOFT,5
TR02696,C1,2248,2250,SOFT,3
TR02697,C2,2252,2254,SOFT,7
TR02698,C3,2255,2257,HARD,10
TR02699,C4,2258,2260,SOFT,5
TR02700,C5,2260,2261,SOFT,1
TR02701,C6,2263,2264,SOFT,7
TR02702,C7,2266,2268,SOFT,3
TR02703,C8,2270,2272,HARD,10
TR02704,C9,2272,2274,SOFT,3
TR02705,C10,2275,2277,SOFT,1
TR02706,C1,2256,2258,SOFT,3
TR02707,C2,2259,2261,SOFT,7
TR02708,C3,2262,2263,HARD,10
TR02709,C4,2265,2266,SOFT,1
TR02710,C5,2269,2271,SOFT,5
TR02711,C6,2271,2272,SOFT,3
TR02712,C7,2274,2276,SOFT,1
TR02713,C8,2277,2279,HARD,10
TR02714,C9,2280,2282,SOFT,3
TR02715,C10,2284,2285,SOFT,1
TR02716,C1,2264,2266,SOFT,5
TR02717,C2,2267,2269,SOFT,3
TR02718,C3,2270,2272,HARD,10
TR02719,C4,2273,2275,SOFT,7
TR02720,C5,2277,2279,SOFT,3
TR02721,C6,2279,2280,SOFT,3
TR02722,C7,2282,2283,SOFT,3
TR02723,C8,2285,2287,HARD,10
TR02724,C9,2289,2290,SOFT,3
TR02725,C10,2292,2293,SOFT,3
TR02726,C1,2272,2273,SOFT,5
TR02727,C2,2275,2276,SOFT,7
TR02728,C3,2278,2279,HARD,10
TR02729,C4,2281,2282,SOFT,3
TR02730,C5,2284,2285,SOFT,3
TR02731,C6,2288,2290,SOFT,1
TR02732,C7,2291,2292,SOFT,1
TR02733,C8,2293,2294,HARD,10
TR02734,C9,2296,2298,SOFT,3
TR02735,C10,2300,2302,SOFT,1
TR02736,C1,2280,2281,SOFT,7
TR02737,C2,2284,2286,SOFT,7
TR02738,C3,2286,2288,HARD,10
TR02739,C4,2289,2290,SOFT,1
TR02740,C5,2292,2294,SOFT,3
TR02741,C6,2295,2296,SOFT,1
TR02742,C7,2298,2300,SOFT,1
TR02743,C8,2302,2304,HARD,10
TR02744,C9,2208,2210,SOFT,3
TR02745,C10,2211,2212,SOFT,3
TR02746,C1,2289,2291,SOFT,5
TR02747,C2,2291,2292,SOFT,7
TR02748,C3,2294,2296,HARD,10
TR02749,C4,2297,2298,SOFT,5
TR02750,C5,2301,2303,SOFT,5
TR02751,C6,2302,2303,SOFT,5
TR02752,C7,2211,2212,SOFT,3
TR02753,C8,2213,2215,HARD,10
TR02754,C9,2216,2217,SOFT,7
TR02755,C10,2220,2221,SOFT,7
TR02756,C1,2297,2299,SOFT,5
TR02757,C2,2300,2302,SOFT,7
TR02758,C3,2302,2303,HARD,10
TR02759,C4,2209,2211,SOFT,3
TR02760,C5,2212,2213,SOFT,7
TR02761,C1,2304,2306,SOFT,1
TR02762,C2,2308,2310,HARD,10
TR02763,C3,2311,2313,SOFT,1
TR02764,C4,2313,2314,SOFT,1
TR02765,C5,2316,2318,SOFT,7
TR02766,C6,2319,2320,SOFT,1
TR02767,C7,2322,2323,HARD,10
TR02768,C8,2325,2327,SOFT,1
TR02769,C9,2329,2331,SOFT,1
TR02770,C10,2332,2333,SOFT,5
TR02771,C1,2312,2314,SOFT,3
TR02772,C2,2315,2317,HARD,10
TR02773,C3,2318,2319,SOFT,1
TR02774,C4,2321,2323,SOFT,7
TR02775,C5,2325,2326,SOFT,7
TR02776,C6,2328,2329,SOFT,5
TR02777,C7,2330,2332,HARD,10
TR02778,C8,2334,2336,SOFT,7
TR02779,C9,2336,2338,SOFT,7
TR02780,C10,2340,2342,SOFT,5
TR02781,C1,2320,2322,SOFT,1
TR02782,C2,2323,2325,HARD,10
TR02783,C3,2327,2328,SOFT,1
TR02784,C4,2330,2331,SOFT,3
TR02785,C5,2333,2335,SOFT,3
TR02786,C6,2335,2336,SOFT,7
TR02787,C7,2339,2341,HARD,10
TR02788,C8,2342,2344,SOFT,5
TR02789,C9,2344,2346,SOFT,7
TR02790,C10,2347,2348,SOFT,1
TR02791,C1,2328,2329,SOFT,7
TR02792,C2,2332,2334,HARD,10
TR02793,C3,2334,2336,SOFT,3
TR02794,C4,2337,2338,SOFT,5
TR02795,C5,2340,2341,SOFT,7
TR02796,C6,2343,2344,SOFT,1
TR02797,C7,2347,2348,HARD,10
TR02798,C8,2350,2351,SOFT,1
TR02799,C9,2352,2354,SOFT,5
TR02800,C10,2356,2357,SOFT,1
TR02801,C1,2336,2338,SOFT,1
TR02802,C2,2339,2340,HARD,10
TR02803,C3,2343,2345,SOFT,3
TR02804,C4,2345,2346,SOFT,1
TR02805,C5,2348,2349,SOFT,1
TR02806,C6,2352,2353,SOFT,5
TR02807,C7,2354,2356,HARD,10
TR02808,C8,2358,2360,SOFT,5
TR02809,C9,2360,2362,SOFT,3
TR02810,C10,2364,2365,SOFT,1
TR02811,C1,2344,2346,SOFT,1
TR02812,C2,2347,2349,HARD,10
TR02813,C3,2351,2353,SOFT,7
TR02814,C4,2353,2354,SOFT,5
TR02815,C5,2356,2358,SOFT,7
TR02816,C6,2360,2361,SOFT,7
TR02817,C7,2362,2363,HARD,10
TR02818,C8,2365,2366,SOFT,5
TR02819,C9,2368,2369,SOFT,7
TR02820,C10,2372,2374,SOFT,7
TR02821,C1,2352,2354,SOFT,1
TR02822,C2,2355,2357,HARD,10
TR02823,C3,2358,2360,SOFT,7
TR02824,C4,2361,2363,SOFT,7
TR02825,C5,2365,2367,SOFT,7
TR02826,C6,2368,2369,SOFT,3
TR02827,C7,2370,2372,HARD,10
TR02828,C8,2374,2375,SOFT,7
TR02829,C9,2377,2378,SOFT,1
TR02830,C10,2380,2381,SOFT,7
TR02831,C1,2360,2361,SOFT,5
TR02832,C2,2364,2366,HARD,10
TR02833,C3,2366,2367,SOFT,5
TR02834,C4,2369,2370,SOFT,1
TR02835,C5,2373,2375,SOFT,7
TR02836,C6,2375,2376,SOFT,1
TR02837,C7,2378,2380,HARD,10
TR02838,C8,2381,2382,SOFT,1
TR02839,C9,2384,2385,SOFT,7
TR02840,C10,2388,2390,SOFT,3
TR02841,C1,2368,2369,SOFT,1
TR02842,C2,2372,2373,HARD,10
TR02843,C3,2374,2375,SOFT,5
TR02844,C4,2378,2379,SOFT,5
TR02845,C5,2380,2381,SOFT,5
TR02846,C6,2384,2385,SOFT,3
TR02847,C7,2386,2387,HARD,10
TR02848,C8,2389,2390,SOFT,7
TR02849,C9,2392,2394,SOFT,3
TR02850,C10,2395,2396,SOFT,1
TR02851,C1,2376,2378,SOFT,7
TR02852,C2,2379,2381,HARD,10
TR02853,C3,2382,2384,SOFT,3
TR02854,C4,2386,2387,SOFT,5
TR02855,C5,2389,2391,SOFT,5
TR02856,C6,2392,2394,SOFT,7
TR02857,C7,2394,2395,HARD,10
TR02858,C8,2397,2399,SOFT,1
TR02859,C9,2304,2306,SOFT,5
TR02860,C10,2307,2308,SOFT,5
TR02861,C1,2384,2386,SOFT,7
TR02862,C2,2387,2388,HARD,10
TR02863,C3,2390,2392,SOFT,5
TR02864,C4,2393,2395,SOFT,3
TR02865,C5,2397,2398,SOFT,5
TR02866,C6,2398,2399,SOFT,7
TR02867,C7,2306,2307,HARD,10
TR02868,C8,2309,2311,SOFT,3
TR02869,C9,2312,2313,SOFT,3
TR02870,C10,2315,2317,SOFT,1
TR02871,C1,2392,2393,SOFT,3
TR02872,C2,2395,2396,HARD,10
TR02873,C3,2398,2399,SOFT,5
TR02874,C4,2305,2307,SOFT,5
TR02875,C5,2308,2309,SOFT,3
TR02876,C1,2400,2401,HARD,10
TR02877,C2,2403,2405,SOFT,7
TR02878,C3,2407,2409,SOFT,5
TR02879,C4,2409,2411,SOFT,1
TR02880,C5,2412,2414,SOFT,7
TR02881,C6,2415,2416,HARD,10
TR02882,C7,2419,2421,SOFT,1
TR02883,C8,2421,2423,SOFT,3
TR02884,C9,2424,2425,SOFT,3
TR02885,C10,2428,2430,SOFT,3
TR02886,C1,2409,2411,HARD,10
TR02887,C2,2411,2412,SOFT,1
TR02888,C3,2414,2415,SOFT,1
TR02889,C4,2418,2420,SOFT,3
TR02890,C5,2421,2423,SOFT,1
TR02891,C6,2423,2424,HARD,10
TR02892,C7,2426,2428,SOFT,1
TR02893,C8,2429,2431,SOFT,7
TR02894,C9,2432,2433,SOFT,3
TR02895,C10,2435,2436,SOFT,1
TR02896,C1,2417,2418,HARD,10
TR02897,C2,2420,2422,SOFT,3
TR02898,C3,2422,2424,SOFT,5
TR02899,C4,2426,2427,SOFT,1
TR02900,C5,2428,2429,SOFT,5
TR02901,C6,2432,2434,HARD,10
TR02902,C7,2434,2435,SOFT,1
TR02903,C8,2437,2439,SOFT,7
TR02904,C9,2440,2441,SOFT,5
TR02905,C10,2443,2444,SOFT,5
TR02906,C1,2424,2425,HARD,10
TR02907,C2,2428,2429,SOFT,7
TR02908,C3,2430,2431,SOFT,3
TR02909,C4,2433,2435,SOFT,1
TR02910,C5,2436,2438,SOFT,5
TR02911,C6,2440,2442,HARD,10
TR02912,C7,2443,2444,SOFT,3
TR02913,C8,2445,2447,SOFT,7
TR02914,C9,2448,2450,SOFT,3
TR02915,C10,2451,2453,SOFT,1
TR02916,C1,2432,2434,HARD,10
TR02917,C2,2435,2436,SOFT,3
TR02918,C3,2439,2440,SOFT,7
TR02919,C4,2441,2443,SOFT,5
TR02920,C5,2445,2447,SOFT,3
TR02921,C6,2447,2449,HARD,10
TR02922,C7,2450,2451,SOFT,3
TR02923,C8,2454,2456,SOFT,1
TR02924,C9,2456,2458,SOFT,1
TR02925,C10,2459,2460,SOFT,5
TR02926,C1,2440,2441,HARD,10
TR02927,C2,2444,2446,SOFT,5
TR02928,C3,2446,2447,SOFT,3
TR02929,C4,2449,2451,SOFT,7
TR02930,C5,2452,2453,SOFT,5
TR02931,C6,2455,2456,HARD,10
TR02932,C7,2459,2460,SOFT,3
TR02933,C8,2461,2462,SOFT,5
TR02934,C9,2464,2465,SOFT,1
TR02935,C10,2468,2470,SOFT,5
TR02936,C1,2449,2450,HARD,10
TR02937,C2,2452,2453,SOFT,5
TR02938,C3,2454,2455,SOFT,7
TR02939,C4,2457,2459,SOFT,5
TR02940,C5,2460,2462,SOFT,7
TR02941,C6,2463,2464,HARD,10
TR02942,C7,2466,2468,SOFT,5
TR02943,C8,2469,2470,SOFT,7
TR02944,C9,2472,2474,SOFT,7
TR02945,C10,2475,2476,SOFT,5
TR02946,C1,2457,2459,HARD,10
TR02947,C2,2459,2460,SOFT,5
TR02948,C3,2463,2465,SOFT,5
TR02949,C4,2465,2466,SOFT,7
TR02950,C5,2469,2470,SOFT,5
TR02951,C6,2471,2472,HARD,10
TR02952,C7,2475,2477,SOFT,7
TR02953,C8,2477,2478,SOFT,5
TR02954,C9,2480,2481,SOFT,7
TR02955,C10,2483,2484,SOFT,3
TR02956,C1,2464,2465,HARD,10
TR02957,C2,2467,2468,SOFT,7
TR02958,C3,2471,2472,SOFT,3
TR02959,C4,2473,2475,SOFT,1
TR02960,C5,2476,2478,SOFT,1
TR02961,C6,2479,2480,HARD,10
TR02962,C7,2483,2484,SOFT,5
TR02963,C8,2485,2487,SOFT,3
TR02964,C9,2488,2490,SOFT,7
TR02965,C10,2492,2493,SOFT,3
TR02966,C1,2472,2473,HARD,10
TR02967,C2,2475,2476,SOFT,1
TR02968,C3,2478,2479,SOFT,5
TR02969,C4,2482,2484,SOFT,3
TR02970,C5,2484,2485,SOFT,3
TR02971,C6,2487,2488,HARD,10
TR02972,C7,2490,2491,SOFT,1
TR02973,C8,2494,2496,SOFT,1
TR02974,C9,2401,2403,SOFT,5
TR02975,C10,2403,2404,SOFT,5
TR02976,C1,2480,2482,HARD,10
TR02977,C2,2484,2485,SOFT,7
TR02978,C3,2486,2487,SOFT,3
TR02979,C4,2489,2490,SOFT,7
TR02980,C5,2493,2495,SOFT,7
TR02981,C6,2494,2495,HARD,10
TR02982,C7,2402,2403,SOFT,1
TR02983,C8,2405,2407,SOFT,7
TR02984,C9,2408,2409,SOFT,7
TR02985,C10,2411,2413,SOFT,1
TR02986,C1,2488,2489,HARD,10
TR02987,C2,2491,2492,SOFT,7
TR02988,C3,2494,2496,SOFT,1
TR02989,C4,2402,2403,SOFT,7
TR02990,C5,2405,2406,SOFT,1
TR02991,C1,2497,2498,SOFT,5
TR02992,C2,2500,2501,SOFT,7
TR02993,C3,2502,2503,SOFT,7
TR02994,C4,2505,2507,SOFT,1
TR02995,C5,2508,2509,HARD,10
TR02996,C6,2512,2513,SOFT,5
TR02997,C7,2514,2516,SOFT,3
TR02998,C8,2518,2520,SOFT,3
TR02999,C9,2521,2522,SOFT,1
TR03000,C10,2523,2525,HARD,10
TR03001,C1,2504,2506,SOFT,7
TR03002,C2,2507,2508,SOFT,1
TR03003,C3,2510,2511,SOFT,3
TR03004,C4,2514,2515,SOFT,5
TR03005,C5,2517,2518,HARD,10
TR03006,C6,2519,2520,SOFT,5
TR03007,C7,2522,2523,SOFT,1
TR03008,C8,2525,2527,SOFT,5
TR03009,C9,2528,2530,SOFT,5
TR03010,C10,2531,2532,HARD,10
TR03011,C1,2512,2513,SOFT,7
TR03012,C2,2516,2518,SOFT,5
TR03013,C3,2518,2520,SOFT,1
TR03014,C4,2522,2523,SOFT,7
TR03015,C5,2524,2525,HARD,10
TR03016,C6,2527,2529,SOFT,7
TR03017,C7,2530,2531,SOFT,7
TR03018,C8,2534,2536,SOFT,7
TR03019,C9,2536,2537,SOFT,7
TR03020,C10,2540,2542,HARD,10
TR03021,C1,2521,2522,SOFT,1
TR03022,C2,2523,2524,SOFT,5
TR03023,C3,2526,2528,SOFT,1
TR03024,C4,2530,2531,SOFT,1
TR03025,C5,2532,2533,HARD,10
TR03026,C6,2535,2536,SOFT,3
TR03027,C7,2539,2541,SOFT,3
TR03028,C8,2541,2542,SOFT,7
TR03029,C9,2544,2546,SOFT,5
TR03030,C10,2547,2549,HARD,10
TR03031,C1,2528,2529,SOFT,7
TR03032,C2,2531,2533,SOFT,1
TR03033,C3,2535,2536,SOFT,7
TR03034,C4,2537,2539,SOFT,1
TR03035,C5,2540,2541,HARD,10
TR03036,C6,2543,2544,SOFT,5
TR03037,C7,2546,2547,SOFT,1
TR03038,C8,2549,2551,SOFT,3
TR03039,C9,2553,2554,SOFT,7
TR03040,C10,2556,2558,HARD,10
TR03041,C1,2536,2538,SOFT,3
TR03042,C2,2539,2540,SOFT,1
TR03043,C3,2543,2544,SOFT,5
TR03044,C4,2545,2547,SOFT,1
TR03045,C5,2548,2549,HARD,10
TR03046,C6,2551,2552,SOFT,7
TR03047,C7,2555,2556,SOFT,3
TR03048,C8,2557,2559,SOFT,1
TR03049,C9,2561,2563,SOFT,5
TR03050,C10,2563,2565,HARD,10
TR03051,C1,2545,2547,SOFT,5
TR03052,C2,2548,2550,SOFT,1
TR03053,C3,2550,2552,SOFT,7
TR03054,C4,2554,2555,SOFT,5
TR03055,C5,2556,2558,HARD,10
TR03056,C6,2559,2561,SOFT,1
TR03057,C7,2563,2564,SOFT,1
TR03058,C8,2566,2568,SOFT,1
TR03059,C9,2569,2571,SOFT,3
TR03060,C10,2572,2574,HARD,10
TR03061,C1,2552,2554,SOFT,7
TR03062,C2,2556,2557,SOFT,3
TR03063,C3,2558,2560,SOFT,3
TR03064,C4,2562,2564,SOFT,1
TR03065,C5,2565,2566,HARD,10
TR03066,C6,2567,2569,SOFT,3
TR03067,C7,2571,2573,SOFT,5
TR03068,C8,2573,2575,SOFT,5
TR03069,C9,2576,2578,SOFT,7
TR03070,C10,2579,2580,HARD,10
TR03071,C1,2560,2562,SOFT,1
TR03072,C2,2564,2565,SOFT,7
TR03073,C3,2567,2569,SOFT,1
TR03074,C4,2569,2571,SOFT,5
TR03075,C5,2572,2573,HARD,10
TR03076,C6,2575,2576,SOFT,1
TR03077,C7,2578,2579,SOFT,5
TR03078,C8,2581,2582,SOFT,1
TR03079,C9,2584,2586,SOFT,5
TR03080,C10,2587,2588,HARD,10
TR03081,C1,2568,2570,SOFT,7
TR03082,C2,2571,2573,SOFT,3
TR03083,C3,2575,2577,SOFT,3
TR03084,C4,2577,2578,SOFT,3
TR03085,C5,2581,2582,HARD,10
TR03086,C6,2584,2586,SOFT,7
TR03087,C7,2586,2587,SOFT,1
TR03088,C8,2589,2590,SOFT,7
TR03089,C9,2496,2497,SOFT,3
TR03090,C10,2500,2502,HARD,10
TR03091,C1,2576,2577,SOFT,5
TR03092,C2,2579,2581,SOFT,3
TR03093,C3,2582,2584,SOFT,1
TR03094,C4,2585,2587,SOFT,1
TR03095,C5,2588,2589,HARD,10
TR03096,C6,2590,2591,SOFT,3
TR03097,C7,2498,2499,SOFT,7
TR03098,C8,2501,2502,SOFT,7
TR03099,C9,2504,2506,SOFT,7
TR03100,C10,2507,2509,HARD,10
TR03101,C1,2584,2586,SOFT,1
TR03102,C2,2587,2589,SOFT,3
TR03103,C3,2590,2591,SOFT,1
TR03104,C4,2497,2498,SOFT,7
TR03105,C5,2500,2502,HARD,10
TR03106,C1,2592,2593,SOFT,1
TR03107,C2,2595,2596,SOFT,7
TR03108,C3,2598,2599,SOFT,5
TR03109,C4,2602,2604,HARD,10
TR03110,C5,2604,2605,SOFT,3
TR03111,C6,2607,2608,SOFT,3
TR03112,C7,2610,2612,SOFT,7
TR03113,C8,2614,2616,SOFT,1
TR03114,C9,2616,2618,HARD,10
TR03115,C10,2620,2622,SOFT,7
TR03116,C1,2601,2603,SOFT,1
TR03117,C2,2603,2605,SOFT,1
TR03118,C3,2606,2607,SOFT,5
TR03119,C4,2610,2612,HARD,10
TR03120,C5,2612,2613,SOFT,5
TR03121,C6,2615,2616,SOFT,5
TR03122,C7,2618,2620,SOFT,7
TR03123,C8,2622,2623,SOFT,3
TR03124,C9,2624,2625,HARD,10
TR03125,C10,2628,2629,SOFT,5
TR03126,C1,2608,2610,SOFT,1
TR03127,C2,2611,2613,SOFT,5
TR03128,C3,2614,2616,SOFT,5
TR03129,C4,2617,2619,HARD,10
TR03130,C5,2620,2622,SOFT,3
TR03131,C6,2624,2625,SOFT,5
TR03132,C7,2626,2627,SOFT,7
TR03133,C8,2629,2630,SOFT,7
TR03134,C9,2632,2634,HARD,10
TR03135,C10,2636,2638,SOFT,5
TR03136,C1,2616,2617,SOFT,7
TR03137,C2,2619,2620,SOFT,3
TR03138,C3,2622,2624,SOFT,7
TR03139,C4,2625,2627,HARD,10
TR03140,C5,2628,2629,SOFT,3
TR03141,C6,2631,2633,SOFT,1
TR03142,C7,2634,2635,SOFT,3
TR03143,C8,2637,2638,SOFT,3
TR03144,C9,2641,2642,HARD,10
TR03145,C10,2643,2644,SOFT,3
TR03146,C1,2625,2627,SOFT,1
TR03147,C2,2628,2630,SOFT,7
TR03148,C3,2631,2633,SOFT,7
TR03149,C4,2634,2635,HARD,10
TR03150,C5,2636,2638,SOFT,3
TR03151,C6,2639,2641,SOFT,7
TR03152,C7,2643,2644,SOFT,3
TR03153,C8,2645,2646,SOFT,7
TR03154,C9,2649,2651,HARD,10
TR03155,C10,2652,2653,SOFT,3
TR03156,C1,2632,2634,SOFT,1
TR03157,C2,2636,2637,SOFT,5
TR03158,C3,2638,2640,SOFT,3
TR03159,C4,2642,2643,HARD,10
TR03160,C5,2645,2646,SOFT,3
TR03161,C6,2647,2649,SOFT,5
TR03162,C7,2650,2652,SOFT,3
TR03163,C8,2653,2655,SOFT,3
TR03164,C9,2657,2659,HARD,10
TR03165,C10,2660,2661,SOFT,5
TR03166,C1,2640,2642,SOFT,7
TR03167,C2,2643,2644,SOFT,7
TR03168,C3,2646,2647,SOFT,5
TR03169,C4,2649,2651,HARD,10
TR03170,C5,2652,2654,SOFT,3
TR03171,C6,2655,2656,SOFT,3
TR03172,C7,2658,2659,SOFT,3
TR03173,C8,2662,2663,SOFT,7
TR03174,C9,2664,2665,HARD,10
TR03175,C10,2667,2668,SOFT,3
TR03176,C1,2648,2650,SOFT,7
TR03177,C2,2651,2652,SOFT,1
TR03178,C3,2654,2656,SOFT,7
TR03179,C4,2657,2659,HARD,10
TR03180,C5,2661,2663,SOFT,3
TR03181,C6,2663,2664,SOFT,3
TR03182,C7,2667,2669,SOFT,5
TR03183,C8,2670,2672,SOFT,3
TR03184,C9,2672,2673,HARD,10
TR03185,C10,2675,2676,SOFT,7
TR03186,C1,2656,2657,SOFT,5
TR03187,C2,2659,2661,SOFT,1
TR03188,C3,2662,2664,SOFT,3
TR03189,C4,2665,2667,HARD,10
TR03190,C5,2668,2670,SOFT,7
TR03191,C6,2671,2672,SOFT,5
TR03192,C7,2675,2676,SOFT,7
TR03193,C8,2677,2678,SOFT,5
TR03194,C9,2680,2681,HARD,10
TR03195,C10,2683,2684,SOFT,5
TR03196,C1,2664,2665,SOFT,7
TR03197,C2,2667,2668,SOFT,3
TR03198,C3,2671,2672,SOFT,5
TR03199,C4,2673,2675,HARD,10
TR03200,C5,2676,2677,SOFT,7
TR03201,C6,2679,2680,SOFT,1
TR03202,C7,2682,2683,SOFT,3
TR03203,C8,2686,2687,SOFT,3
TR03204,C9,2593,2595,HARD,10
TR03205,C10,2595,2596,SOFT,5
TR03206,C1,2672,2673,SOFT,1
TR03207,C2,2676,2678,SOFT,1
TR03208,C3,2679,2680,SOFT,1
TR03209,C4,2682,2683,HARD,10
TR03210,C5,2685,2686,SOFT,1
TR03211,C6,2686,2688,SOFT,7
TR03212,C7,2594,2595,SOFT,3
TR03213,C8,2597,2598,SOFT,1
TR03214,C9,2600,2602,HARD,10
TR03215,C10,2603,2605,SOFT,3
TR03216,C1,2680,2682,SOFT,3
TR03217,C2,2683,2685,SOFT,5
TR03218,C3,2686,2687,SOFT,1
TR03219,C4,2594,2595,HARD,10
TR03220,C5,2597,2598,SOFT,3
